Date,Close**
1/1/2011,0.3
1/2/2011,0.3
1/3/2011,0.3
1/4/2011,0.3
1/5/2011,0.3
1/6/2011,0.3
1/7/2011,0.32
1/8/2011,0.32
1/9/2011,0.32
1/10/2011,0.32
1/11/2011,0.33
1/12/2011,0.33
1/13/2011,0.33
1/14/2011,0.42
1/15/2011,0.4
1/16/2011,0.39
1/17/2011,0.38
1/18/2011,0.32
1/19/2011,0.33
1/20/2011,0.36
1/21/2011,0.39
1/22/2011,0.44
1/23/2011,0.43
1/24/2011,0.42
1/25/2011,0.43
1/26/2011,0.42
1/27/2011,0.42
1/28/2011,0.45
1/29/2011,0.45
1/30/2011,0.47
1/31/2011,0.52
2/1/2011,0.69
2/2/2011,0.8
2/3/2011,0.73
2/4/2011,0.81
2/5/2011,0.92
2/6/2011,0.91
2/7/2011,0.9
2/8/2011,0.92
2/9/2011,1
2/10/2011,0.98
2/11/2011,1.08
2/12/2011,1.03
2/13/2011,1.05
2/14/2011,1.08
2/15/2011,1.07
2/16/2011,1.06
2/17/2011,1.05
2/18/2011,0.91
2/19/2011,0.99
2/20/2011,0.87
2/21/2011,0.91
2/22/2011,0.88
2/23/2011,0.89
2/24/2011,0.99
2/25/2011,0.96
2/26/2011,1
2/27/2011,0.91
2/28/2011,0.87
3/1/2011,0.94
3/2/2011,0.94
3/3/2011,0.95
3/4/2011,0.9
3/5/2011,0.91
3/6/2011,0.91
3/7/2011,0.89
3/8/2011,0.89
3/9/2011,0.89
3/10/2011,0.93
3/11/2011,0.88
3/12/2011,0.92
3/13/2011,0.91
3/14/2011,0.91
3/15/2011,0.9
3/16/2011,0.88
3/17/2011,0.87
3/18/2011,0.87
3/19/2011,0.83
3/20/2011,0.81
3/21/2011,0.78
3/22/2011,0.8
3/23/2011,0.84
3/24/2011,0.86
3/25/2011,0.9
3/26/2011,0.87
3/27/2011,0.88
3/28/2011,0.87
3/29/2011,0.82
3/30/2011,0.8
3/31/2011,0.79
4/1/2011,0.78
4/2/2011,0.79
4/3/2011,0.79
4/4/2011,0.72
4/5/2011,0.76
4/6/2011,0.74
4/7/2011,0.75
4/8/2011,0.75
4/9/2011,0.74
4/10/2011,0.76
4/11/2011,0.77
4/12/2011,0.82
4/13/2011,0.92
4/14/2011,0.99
4/15/2011,0.98
4/16/2011,1.07
4/17/2011,1.11
4/18/2011,1.13
4/19/2011,1.2
4/20/2011,1.17
4/21/2011,1.21
4/22/2011,1.33
4/23/2011,1.45
4/24/2011,1.63
4/25/2011,1.57
4/26/2011,1.77
4/27/2011,1.81
4/28/2011,2.15
4/29/2011,2.82
4/30/2011,3.44
5/1/2011,3.6
5/2/2011,3.59
5/3/2011,3.43
5/4/2011,3.51
5/5/2011,3.43
5/6/2011,3.52
5/7/2011,3.63
5/8/2011,3.82
5/9/2011,3.82
5/10/2011,5.31
5/11/2011,5.47
5/12/2011,6.23
5/13/2011,6.66
5/14/2011,7.68
5/15/2011,8.34
5/16/2011,8.35
5/17/2011,8.25
5/18/2011,7.31
5/19/2011,7.61
5/20/2011,5.72
5/21/2011,6.83
5/22/2011,6.67
5/23/2011,7.09
5/24/2011,7.4
5/25/2011,7.72
5/26/2011,8.11
5/27/2011,9.15
5/28/2011,8.37
5/29/2011,8.57
5/30/2011,8.7
5/31/2011,8.78
6/1/2011,9.53
6/2/2011,10.09
6/3/2011,13.01
6/4/2011,18.37
6/5/2011,17.51
6/6/2011,18.81
6/7/2011,21.07
6/8/2011,25.36
6/9/2011,30.06
6/10/2011,26.3
6/11/2011,28.71
6/12/2011,26.61
6/13/2011,20.95
6/14/2011,22.91
6/15/2011,20.69
6/16/2011,19.72
6/17/2011,16.86
6/18/2011,18.45
6/19/2011,17.59
6/20/2011,18.22
6/21/2011,17.09
6/22/2011,15.58
6/23/2011,15.48
6/24/2011,17.06
6/25/2011,17.13
6/26/2011,17.19
6/27/2011,17.47
6/28/2011,17.07
6/29/2011,16.9
6/30/2011,16.16
7/1/2011,17.18
7/2/2011,16.6
7/3/2011,15.75
7/4/2011,14.05
7/5/2011,14.24
7/6/2011,15.25
7/7/2011,14.78
7/8/2011,15.43
7/9/2011,15.03
7/10/2011,15.15
7/11/2011,14.86
7/12/2011,14.13
7/13/2011,14.12
7/14/2011,14.09
7/15/2011,14.03
7/16/2011,13.86
7/17/2011,13.96
7/18/2011,13.63
7/19/2011,13.86
7/20/2011,13.78
7/21/2011,13.86
7/22/2011,13.89
7/23/2011,13.8
7/24/2011,13.96
7/25/2011,14.09
7/26/2011,14.48
7/27/2011,14
7/28/2011,13.49
7/29/2011,13.8
7/30/2011,13.62
7/31/2011,13.43
8/1/2011,13.34
8/2/2011,12.83
8/3/2011,12.18
8/4/2011,12.32
8/5/2011,11.05
8/6/2011,7.5
8/7/2011,8.77
8/8/2011,8.47
8/9/2011,9.78
8/10/2011,10.12
8/11/2011,10.3
8/12/2011,9.83
8/13/2011,9.98
8/14/2011,10.35
8/15/2011,11.18
8/16/2011,11.53
8/17/2011,11.27
8/18/2011,11.33
8/19/2011,11.7
8/20/2011,11.46
8/21/2011,11.42
8/22/2011,11.24
8/23/2011,11.48
8/24/2011,11.31
8/25/2011,11.24
8/26/2011,8.93
8/27/2011,9.3
8/28/2011,9.15
8/29/2011,9.4
8/30/2011,9.38
8/31/2011,9.05
9/1/2011,8.43
9/2/2011,8.5
9/3/2011,8.52
9/4/2011,8.34
9/5/2011,7.97
9/6/2011,8.2
9/7/2011,7.55
9/8/2011,6.71
9/9/2011,7.16
9/10/2011,4.82
9/11/2011,6.28
9/12/2011,6.64
9/13/2011,5.96
9/14/2011,5.93
9/15/2011,5.19
9/16/2011,4.84
9/17/2011,5.08
9/18/2011,5.1
9/19/2011,5.29
9/20/2011,6.1
9/21/2011,5.91
9/22/2011,5.72
9/23/2011,5.69
9/24/2011,5.7
9/25/2011,5.42
9/26/2011,5.14
9/27/2011,5.16
9/28/2011,5.08
9/29/2011,4.9
9/30/2011,5.09
10/1/2011,5.27
10/2/2011,5.18
10/3/2011,5.06
10/4/2011,5.06
10/5/2011,4.95
10/6/2011,4.78
10/7/2011,4.35
10/8/2011,4.04
10/9/2011,4.53
10/10/2011,4.16
10/11/2011,4.19
10/12/2011,4.16
10/13/2011,4.06
10/14/2011,4.15
10/15/2011,3.86
10/16/2011,3.61
10/17/2011,2.78
10/18/2011,3.43
10/19/2011,2.39
10/20/2011,2.36
10/21/2011,2.55
10/22/2011,3
10/23/2011,3.18
10/24/2011,3.27
10/25/2011,3.09
10/26/2011,2.88
10/27/2011,3.02
10/28/2011,3.15
10/29/2011,3.4
10/30/2011,3.62
10/31/2011,3.32
11/1/2011,3.25
11/2/2011,3.36
11/3/2011,3.33
11/4/2011,3.15
11/5/2011,3.16
11/6/2011,2.97
11/7/2011,3.02
11/8/2011,3.05
11/9/2011,3.03
11/10/2011,2.88
11/11/2011,3.05
11/12/2011,3.03
11/13/2011,3.09
11/14/2011,2.52
11/15/2011,2.77
11/16/2011,2.66
11/17/2011,2.25
11/18/2011,2.05
11/19/2011,2.32
11/20/2011,2.31
11/21/2011,2.36
11/22/2011,2.32
11/23/2011,2.35
11/24/2011,2.41
11/25/2011,2.5
11/26/2011,2.53
11/27/2011,2.49
11/28/2011,2.52
11/29/2011,2.68
11/30/2011,2.97
12/1/2011,3.05
12/2/2011,3.13
12/3/2011,2.96
12/4/2011,2.9
12/5/2011,2.95
12/6/2011,2.96
12/7/2011,3
12/8/2011,3.08
12/9/2011,3.09
12/10/2011,3.05
12/11/2011,3.24
12/12/2011,3.3
12/13/2011,3.27
12/14/2011,3.21
12/15/2011,3.25
12/16/2011,3.2
12/17/2011,3.22
12/18/2011,3.22
12/19/2011,3.48
12/20/2011,3.91
12/21/2011,4.19
12/22/2011,4.06
12/23/2011,3.98
12/24/2011,3.95
12/25/2011,4.1
12/26/2011,4.28
12/27/2011,4.15
12/28/2011,4.18
12/29/2011,4.17
12/30/2011,4.32
12/31/2011,4.61
1/1/2012,5.13
1/2/2012,5.22
1/3/2012,4.9
1/4/2012,5.55
1/5/2012,6.67
1/6/2012,6.6
1/7/2012,7.14
1/8/2012,7.06
1/9/2012,6.61
1/10/2012,7.03
1/11/2012,6.92
1/12/2012,7.02
1/13/2012,6.42
1/14/2012,6.8
1/15/2012,6.83
1/16/2012,6.88
1/17/2012,6.45
1/18/2012,6.74
1/19/2012,6.69
1/20/2012,6.4
1/21/2012,6.23
1/22/2012,6.5
1/23/2012,6.37
1/24/2012,6.37
1/25/2012,6.43
1/26/2012,5.88
1/27/2012,5.64
1/28/2012,5.65
1/29/2012,5.39
1/30/2012,5.57
1/31/2012,5.55
2/1/2012,5.76
2/2/2012,6.09
2/3/2012,6.04
2/4/2012,5.97
2/5/2012,5.87
2/6/2012,5.74
2/7/2012,5.77
2/8/2012,5.74
2/9/2012,5.84
2/10/2012,5.87
2/11/2012,5.6
2/12/2012,5.8
2/13/2012,5.56
2/14/2012,4.57
2/15/2012,5.19
2/16/2012,4.63
2/17/2012,4.42
2/18/2012,4.48
2/19/2012,4.41
2/20/2012,4.38
2/21/2012,4.33
2/22/2012,4.45
2/23/2012,4.67
2/24/2012,5
2/25/2012,5.09
2/26/2012,5.03
2/27/2012,5.01
2/28/2012,5.04
2/29/2012,4.96
3/1/2012,4.92
3/2/2012,4.81
3/3/2012,4.89
3/4/2012,4.82
3/5/2012,4.93
3/6/2012,5
3/7/2012,5.02
3/8/2012,4.95
3/9/2012,4.88
3/10/2012,4.87
3/11/2012,4.92
3/12/2012,4.92
3/13/2012,5.26
3/14/2012,5.38
3/15/2012,5.35
3/16/2012,5.35
3/17/2012,5.34
3/18/2012,5.37
3/19/2012,4.93
3/20/2012,5.1
3/21/2012,4.88
3/22/2012,4.86
3/23/2012,4.73
3/24/2012,4.77
3/25/2012,4.72
3/26/2012,4.68
3/27/2012,4.81
3/28/2012,4.78
3/29/2012,4.84
3/30/2012,4.85
3/31/2012,4.89
4/1/2012,4.91
4/2/2012,4.97
4/3/2012,5
4/4/2012,4.92
4/5/2012,4.93
4/6/2012,4.95
4/7/2012,4.87
4/8/2012,4.89
4/9/2012,4.86
4/10/2012,4.83
4/11/2012,4.9
4/12/2012,4.92
4/13/2012,4.95
4/14/2012,4.96
4/15/2012,5.02
4/16/2012,4.95
4/17/2012,4.99
4/18/2012,5.11
4/19/2012,5.18
4/20/2012,5.3
4/21/2012,5.26
4/22/2012,5.27
4/23/2012,5.16
4/24/2012,5.11
4/25/2012,5.15
4/26/2012,5.1
4/27/2012,5.16
4/28/2012,5
4/29/2012,4.92
4/30/2012,4.99
5/1/2012,5
5/2/2012,5.06
5/3/2012,5.16
5/4/2012,5.1
5/5/2012,5.11
5/6/2012,5.07
5/7/2012,5.09
5/8/2012,5.1
5/9/2012,5.06
5/10/2012,4.96
5/11/2012,5.03
5/12/2012,5.02
5/13/2012,4.95
5/14/2012,5.01
5/15/2012,5.04
5/16/2012,5.09
5/17/2012,5.1
5/18/2012,5.13
5/19/2012,5.1
5/20/2012,5.12
5/21/2012,5.15
5/22/2012,5.1
5/23/2012,5.14
5/24/2012,5.12
5/25/2012,5.15
5/26/2012,5.1
5/27/2012,5.14
5/28/2012,5.14
5/29/2012,5.16
5/30/2012,5.16
5/31/2012,5.18
6/1/2012,5.23
6/2/2012,5.25
6/3/2012,5.21
6/4/2012,5.27
6/5/2012,5.34
6/6/2012,5.46
6/7/2012,5.53
6/8/2012,5.62
6/9/2012,5.6
6/10/2012,5.47
6/11/2012,5.59
6/12/2012,5.69
6/13/2012,5.87
6/14/2012,5.95
6/15/2012,6.2
6/16/2012,6.32
6/17/2012,6.4
6/18/2012,6.49
6/19/2012,6.5
6/20/2012,6.59
6/21/2012,6.69
6/22/2012,6.71
6/23/2012,6.51
6/24/2012,6.59
6/25/2012,6.43
6/26/2012,6.43
6/27/2012,6.5
6/28/2012,6.6
6/29/2012,6.66
6/30/2012,6.68
7/1/2012,6.66
7/2/2012,6.74
7/3/2012,6.69
7/4/2012,6.58
7/5/2012,6.63
7/6/2012,6.75
7/7/2012,6.75
7/8/2012,6.8
7/9/2012,6.92
7/10/2012,7.06
7/11/2012,7.24
7/12/2012,7.59
7/13/2012,7.52
7/14/2012,7.64
7/15/2012,7.66
7/16/2012,7.98
7/17/2012,8.78
7/18/2012,9.18
7/19/2012,9.03
7/20/2012,8.54
7/21/2012,9.23
7/22/2012,8.54
7/23/2012,8.51
7/24/2012,8.68
7/25/2012,8.86
7/26/2012,8.84
7/27/2012,8.91
7/28/2012,8.94
7/29/2012,8.71
7/30/2012,9.04
7/31/2012,9.33
8/1/2012,9.5
8/2/2012,10.41
8/3/2012,10.68
8/4/2012,11.01
8/5/2012,11.14
8/6/2012,11.16
8/7/2012,11.23
8/8/2012,11.06
8/9/2012,11.06
8/10/2012,11.56
8/11/2012,11.53
8/12/2012,11.63
8/13/2012,11.93
8/14/2012,12.1
8/15/2012,12.69
8/16/2012,13.48
8/17/2012,12.36
8/18/2012,12.86
8/19/2012,10.66
8/20/2012,10.58
8/21/2012,10.43
8/22/2012,10.28
8/23/2012,10.21
8/24/2012,10.45
8/25/2012,10.3
8/26/2012,10.62
8/27/2012,10.99
8/28/2012,11.95
8/29/2012,11.17
8/30/2012,10.89
8/31/2012,10.76
9/1/2012,10.35
9/2/2012,10.31
9/3/2012,10.44
9/4/2012,10.45
9/5/2012,10.79
9/6/2012,10.92
9/7/2012,11.14
9/8/2012,11.11
9/9/2012,11.15
9/10/2012,11.16
9/11/2012,11.16
9/12/2012,11.33
9/13/2012,11.38
9/14/2012,11.61
9/15/2012,11.76
9/16/2012,11.85
9/17/2012,11.95
9/18/2012,12.16
9/19/2012,12.47
9/20/2012,12.42
9/21/2012,12.48
9/22/2012,12.44
9/23/2012,12.25
9/24/2012,12.26
9/25/2012,12.24
9/26/2012,12.27
9/27/2012,12.31
9/28/2012,12.43
9/29/2012,12.44
9/30/2012,12.49
10/1/2012,12.43
10/2/2012,12.78
10/3/2012,12.89
10/4/2012,12.88
10/5/2012,12.96
10/6/2012,12.73
10/7/2012,12.17
10/8/2012,11.88
10/9/2012,11.95
10/10/2012,12.17
10/11/2012,12.05
10/12/2012,12.01
10/13/2012,11.98
10/14/2012,11.89
10/15/2012,11.87
10/16/2012,11.9
10/17/2012,11.83
10/18/2012,11.94
10/19/2012,11.89
10/20/2012,11.89
10/21/2012,11.74
10/22/2012,11.73
10/23/2012,11.67
10/24/2012,11.78
10/25/2012,11.31
10/26/2012,10.32
10/27/2012,10.68
10/28/2012,10.73
10/29/2012,10.63
10/30/2012,10.92
10/31/2012,11.1
11/1/2012,10.95
11/2/2012,10.99
11/3/2012,11
11/4/2012,10.63
11/5/2012,10.74
11/6/2012,10.9
11/7/2012,10.96
11/8/2012,10.98
11/9/2012,10.96
11/10/2012,10.89
11/11/2012,10.91
11/12/2012,11
11/13/2012,11.17
11/14/2012,10.97
11/15/2012,11.14
11/16/2012,11.72
11/17/2012,11.79
11/18/2012,11.74
11/19/2012,11.81
11/20/2012,11.73
11/21/2012,11.8
11/22/2012,11.92
11/23/2012,12.33
11/24/2012,12.42
11/25/2012,12.47
11/26/2012,12.39
11/27/2012,12.53
11/28/2012,12.38
11/29/2012,12.45
11/30/2012,12.61
12/1/2012,12.6
12/2/2012,12.55
12/3/2012,12.68
12/4/2012,13.18
12/5/2012,13.36
12/6/2012,13.44
12/7/2012,13.51
12/8/2012,13.51
12/9/2012,13.46
12/10/2012,13.52
12/11/2012,13.56
12/12/2012,13.67
12/13/2012,13.79
12/14/2012,13.77
12/15/2012,13.62
12/16/2012,13.65
12/17/2012,13.39
12/18/2012,13.38
12/19/2012,13.46
12/20/2012,13.52
12/21/2012,13.53
12/22/2012,13.54
12/23/2012,13.32
12/24/2012,13.46
12/25/2012,13.43
12/26/2012,13.46
12/27/2012,13.42
12/28/2012,13.49
12/29/2012,13.49
12/30/2012,13.48
12/31/2012,13.53
1/1/2013,13.5
1/2/2013,13.48
1/3/2013,13.4
1/4/2013,13.49
1/5/2013,13.44
1/6/2013,13.51
1/7/2013,13.53
1/8/2013,13.61
1/9/2013,13.77
1/10/2013,14.05
1/11/2013,14.15
1/12/2013,14.3
1/13/2013,14.31
1/14/2013,14.31
1/15/2013,14.3
1/16/2013,14.54
1/17/2013,15.44
1/18/2013,15.54
1/19/2013,15.65
1/20/2013,15.81
1/21/2013,16.31
1/22/2013,17.16
1/23/2013,17.56
1/24/2013,17.08
1/25/2013,18.56
1/26/2013,18.48
1/27/2013,17.77
1/28/2013,18.56
1/29/2013,19.47
1/30/2013,19.78
1/31/2013,20.27
2/1/2013,20.52
2/2/2013,19.64
2/3/2013,20.72
2/4/2013,20.58
2/5/2013,20.76
2/6/2013,20.96
2/7/2013,21.7
2/8/2013,22.25
2/9/2013,23.54
2/10/2013,23.88
2/11/2013,24.54
2/12/2013,25.12
2/13/2013,25.08
2/14/2013,25.91
2/15/2013,27.15
2/16/2013,27.26
2/17/2013,27.24
2/18/2013,26.92
2/19/2013,27.49
2/20/2013,29.63
2/21/2013,29.75
2/22/2013,30.21
2/23/2013,30.29
2/24/2013,29.82
2/25/2013,30.36
2/26/2013,30.62
2/27/2013,31.05
2/28/2013,32.03
3/1/2013,34.06
3/2/2013,34.31
3/3/2013,34.33
3/4/2013,34.27
3/5/2013,38.11
3/6/2013,40.81
3/7/2013,42
3/8/2013,44.06
3/9/2013,46.25
3/10/2013,46.27
3/11/2013,47.82
3/12/2013,46.51
3/13/2013,45.75
3/14/2013,47.07
3/15/2013,46.88
3/16/2013,46.9
3/17/2013,47.39
3/18/2013,51.02
3/19/2013,52.36
3/20/2013,63.08
3/21/2013,66.51
3/22/2013,69.99
3/23/2013,69.46
3/24/2013,71.02
3/25/2013,73.21
3/26/2013,75.7
3/27/2013,83.42
3/28/2013,86.25
3/29/2013,88.09
3/30/2013,91.96
3/31/2013,92.52
4/1/2013,99.57
4/2/2013,105.68
4/3/2013,121.53
4/4/2013,131.21
4/5/2013,139.76
4/6/2013,142.16
4/7/2013,152.89
4/8/2013,182.51
4/9/2013,189.91
4/10/2013,228.2
4/11/2013,151.04
4/12/2013,117.59
4/13/2013,115
4/14/2013,93.28
4/15/2013,99.52
4/16/2013,68.19
4/17/2013,69.96
4/18/2013,103.87
4/19/2013,115.77
4/20/2013,122.96
4/21/2013,124.28
4/22/2013,123.45
4/23/2013,127.46
4/24/2013,148.82
4/25/2013,152.67
4/26/2013,139.42
4/27/2013,136.7
4/28/2013,127.95
4/29/2013,144.54
4/30/2013,139
5/1/2013,116.99
5/2/2013,105.21
5/3/2013,97.75
5/4/2013,112.5
5/5/2013,115.91
5/6/2013,112.3
5/7/2013,111.5
5/8/2013,113.57
5/9/2013,112.67
5/10/2013,117.2
5/11/2013,115.24
5/12/2013,115
5/13/2013,117.98
5/14/2013,111.5
5/15/2013,114.22
5/16/2013,118.76
5/17/2013,123.01
5/18/2013,123.5
5/19/2013,121.99
5/20/2013,122
5/21/2013,122.88
5/22/2013,123.89
5/23/2013,126.7
5/24/2013,133.2
5/25/2013,131.98
5/26/2013,133.48
5/27/2013,129.74
5/28/2013,129
5/29/2013,132.3
5/30/2013,128.8
5/31/2013,129
6/1/2013,129.3
6/2/2013,122.29
6/3/2013,122.22
6/4/2013,121.42
6/5/2013,121.65
6/6/2013,118
6/7/2013,111.5
6/8/2013,108.3
6/9/2013,100
6/10/2013,106.35
6/11/2013,108.9
6/12/2013,108.15
6/13/2013,104
6/14/2013,99.98
6/15/2013,99.99
6/16/2013,99.51
6/17/2013,101.7
6/18/2013,107.4
6/19/2013,108.25
6/20/2013,110.15
6/21/2013,109.5
6/22/2013,108.3
6/23/2013,107.6
6/24/2013,102.74
6/25/2013,103.95
6/26/2013,104
6/27/2013,101.44
6/28/2013,94.65
6/29/2013,94.99
6/30/2013,96.61
7/1/2013,88.05
7/2/2013,90.13
7/3/2013,77.53
7/4/2013,80.53
7/5/2013,68.43
7/6/2013,70.28
7/7/2013,74.56
7/8/2013,76.52
7/9/2013,76.69
7/10/2013,86.76
7/11/2013,88.98
7/12/2013,93.59
7/13/2013,98.13
7/14/2013,94.69
7/15/2013,98.4
7/16/2013,97.45
7/17/2013,98.5
7/18/2013,90.58
7/19/2013,92.17
7/20/2013,89.39
7/21/2013,90.76
7/22/2013,91.61
7/23/2013,95.56
7/24/2013,94.51
7/25/2013,96.9
7/26/2013,96.02
7/27/2013,94.12
7/28/2013,99.76
7/29/2013,101.2
7/30/2013,107.99
7/31/2013,106.09
8/1/2013,104
8/2/2013,104.5
8/3/2013,104
8/4/2013,105.14
8/5/2013,106.22
8/6/2013,106.75
8/7/2013,106.75
8/8/2013,103
8/9/2013,102.8
8/10/2013,103
8/11/2013,105
8/12/2013,106.64
8/13/2013,109
8/14/2013,112.56
8/15/2013,109.99
8/16/2013,108.99
8/17/2013,113.5
8/18/2013,113.5
8/19/2013,119
8/20/2013,121.21
8/21/2013,123.3
8/22/2013,121.15
8/23/2013,118.5
8/24/2013,120.04
8/25/2013,122.11
8/26/2013,120.06
8/27/2013,126.5
8/28/2013,122.62
8/29/2013,122.39
8/30/2013,133.49
8/31/2013,135.35
9/1/2013,138.34
9/2/2013,135.85
9/3/2013,136.77
9/4/2013,126.74
9/5/2013,126.43
9/6/2013,119.15
9/7/2013,124.15
9/8/2013,121.66
9/9/2013,127.11
9/10/2013,125.91
9/11/2013,135.25
9/12/2013,133.13
9/13/2013,134.98
9/14/2013,129.22
9/15/2013,130.37
9/16/2013,131.72
9/17/2013,131.66
9/18/2013,131.47
9/19/2013,129.65
9/20/2013,127.04
9/21/2013,127.43
9/22/2013,129.12
9/23/2013,125.95
9/24/2013,127.25
9/25/2013,128.22
9/26/2013,128.38
9/27/2013,133.78
9/28/2013,134.78
9/29/2013,137.34
9/30/2013,133
10/1/2013,132.18
10/2/2013,114.13
10/3/2013,123.63
10/4/2013,129.01
10/5/2013,128.55
10/6/2013,129
10/7/2013,126.94
10/8/2013,126
10/9/2013,130.69
10/10/2013,130.59
10/11/2013,130.9
10/12/2013,135.19
10/13/2013,138.13
10/14/2013,140.52
10/15/2013,145.24
10/16/2013,142.55
10/17/2013,146.25
10/18/2013,155.96
10/19/2013,172.42
10/20/2013,174.61
10/21/2013,182.21
10/22/2013,193.76
10/23/2013,213.62
10/24/2013,198.23
10/25/2013,186.69
10/26/2013,177.32
10/27/2013,196.44
10/28/2013,198.55
10/29/2013,204.39
10/30/2013,199.97
10/31/2013,204
11/1/2013,206.18
11/2/2013,206.22
11/3/2013,215.05
11/4/2013,229.1
11/5/2013,245.24
11/6/2013,262.5
11/7/2013,296.41
11/8/2013,338.11
11/9/2013,339.11
11/10/2013,326.62
11/11/2013,342.44
11/12/2013,360.33
11/13/2013,407.37
11/14/2013,420.2
11/15/2013,417.95
11/16/2013,440.22
11/17/2013,492.11
11/18/2013,703.56
11/19/2013,584.61
11/20/2013,590.83
11/21/2013,722.43
11/22/2013,771.44
11/23/2013,797.82
11/24/2013,774.25
11/25/2013,799.11
11/26/2013,928.1
11/27/2013,1001.96
11/28/2013,1031.95
11/29/2013,1131.97
11/30/2013,1129.43
12/1/2013,955.85
12/2/2013,1043.33
12/3/2013,1078.28
12/4/2013,1151.17
12/5/2013,1045.11
12/6/2013,829.45
12/7/2013,698.23
12/8/2013,795.87
12/9/2013,893.19
12/10/2013,988.51
12/11/2013,878.48
12/12/2013,873.26
12/13/2013,892.58
12/14/2013,872.6
12/15/2013,876.12
12/16/2013,705.97
12/17/2013,682.12
12/18/2013,522.7
12/19/2013,691.96
12/20/2013,625.32
12/21/2013,605.66
12/22/2013,617.18
12/23/2013,673.41
12/24/2013,665.58
12/25/2013,682.21
12/26/2013,761.98
12/27/2013,735.07
12/28/2013,727.83
12/29/2013,745.05
12/30/2013,756.13
12/31/2013,754.01
1/1/2014,771.4
1/2/2014,802.39
1/3/2014,818.72
1/4/2014,859.51
1/5/2014,933.53
1/6/2014,953.29
1/7/2014,802
1/8/2014,842.72
1/9/2014,846.86
1/10/2014,868.48
1/11/2014,913.95
1/12/2014,863.22
1/13/2014,841.2
1/14/2014,833.27
1/15/2014,860.9
1/16/2014,835.63
1/17/2014,814.64
1/18/2014,840
1/19/2014,870.96
1/20/2014,870.2
1/21/2014,863.91
1/22/2014,845.59
1/23/2014,822.04
1/24/2014,797.07
1/25/2014,853.61
1/26/2014,885.28
1/27/2014,771.39
1/28/2014,812.51
1/29/2014,826
1/30/2014,819.03
1/31/2014,829.92
2/1/2014,832.58
2/2/2014,825.37
2/3/2014,823.83
2/4/2014,827.96
2/5/2014,811.91
2/6/2014,781.55
2/7/2014,712.4
2/8/2014,673.92
2/9/2014,682.9
2/10/2014,681.03
2/11/2014,672.17
2/12/2014,651.72
2/13/2014,605.24
2/14/2014,661.99
2/15/2014,650.92
2/16/2014,616.63
2/17/2014,626.27
2/18/2014,626.6
2/19/2014,623.03
2/20/2014,556.14
2/21/2014,574.16
2/22/2014,605.42
2/23/2014,605.82
2/24/2014,546.32
2/25/2014,538.71
2/26/2014,582.69
2/27/2014,578.77
2/28/2014,549.26
3/1/2014,565.61
3/2/2014,559.79
3/3/2014,667.76
3/4/2014,666.78
3/5/2014,665.51
3/6/2014,663.86
3/7/2014,629.15
3/8/2014,617.45
3/9/2014,636.96
3/10/2014,627.79
3/11/2014,634.11
3/12/2014,632.1
3/13/2014,638.14
3/14/2014,628.8
3/15/2014,636.12
3/16/2014,631.11
3/17/2014,622.37
3/18/2014,614.83
3/19/2014,609.89
3/20/2014,588.77
3/21/2014,571.49
3/22/2014,565.04
3/23/2014,561.27
3/24/2014,583.41
3/25/2014,583.92
3/26/2014,580.83
3/27/2014,471.24
3/28/2014,495.67
3/29/2014,491.17
3/30/2014,460.27
3/31/2014,457
4/1/2014,478.38
4/2/2014,437.14
4/3/2014,444.72
4/4/2014,447.53
4/5/2014,461.91
4/6/2014,460.5
4/7/2014,449.42
4/8/2014,453.09
4/9/2014,442.73
4/10/2014,365.18
4/11/2014,420.95
4/12/2014,421.12
4/13/2014,414.06
4/14/2014,458.79
4/15/2014,515.59
4/16/2014,527.4
4/17/2014,495.96
4/18/2014,479.64
4/19/2014,501.57
4/20/2014,498.17
4/21/2014,495.77
4/22/2014,487.92
4/23/2014,491.3
4/24/2014,500.46
4/25/2014,461.45
4/26/2014,458.6
4/27/2014,436.39
4/28/2014,440.29
4/29/2014,447.21
4/30/2014,447.64
5/1/2014,457.76
5/2/2014,449.38
5/3/2014,437.76
5/4/2014,436.4
5/5/2014,433.48
5/6/2014,428.96
5/7/2014,438.82
5/8/2014,440.17
5/9/2014,449.46
5/10/2014,454.43
5/11/2014,438.89
5/12/2014,441.46
5/13/2014,440.67
5/14/2014,443.97
5/15/2014,447.25
5/16/2014,448.06
5/17/2014,448.9
5/18/2014,446.26
5/19/2014,446.18
5/20/2014,485.72
5/21/2014,491.77
5/22/2014,524.58
5/23/2014,520.22
5/24/2014,525.14
5/25/2014,571.59
5/26/2014,583.42
5/27/2014,571.24
5/28/2014,577.06
5/29/2014,568.18
5/30/2014,615.33
5/31/2014,623.68
6/1/2014,630.23
6/2/2014,660.62
6/3/2014,667.6
6/4/2014,641.61
6/5/2014,659.26
6/6/2014,653.7
6/7/2014,654.97
6/8/2014,656.14
6/9/2014,649.16
6/10/2014,653.15
6/11/2014,633.02
6/12/2014,586.95
6/13/2014,600.16
6/14/2014,577.36
6/15/2014,592.94
6/16/2014,592.19
6/17/2014,610.86
6/18/2014,607.96
6/19/2014,598.07
6/20/2014,594.15
6/21/2014,594.99
6/22/2014,602.27
6/23/2014,593.98
6/24/2014,582.36
6/25/2014,566.34
6/26/2014,581.14
6/27/2014,597.26
6/28/2014,596.55
6/29/2014,602.72
6/30/2014,639.8
7/1/2014,640.81
7/2/2014,650.88
7/3/2014,645.16
7/4/2014,630.69
7/5/2014,631.46
7/6/2014,635.81
7/7/2014,624.09
7/8/2014,624.82
7/9/2014,624.51
7/10/2014,616.76
7/11/2014,632
7/12/2014,633.71
7/13/2014,626.5
7/14/2014,619.32
7/15/2014,621.59
7/16/2014,616.8
7/17/2014,623.09
7/18/2014,628.78
7/19/2014,628.52
7/20/2014,623.9
7/21/2014,622.21
7/22/2014,621.55
7/23/2014,619.41
7/24/2014,601.73
7/25/2014,601.09
7/26/2014,595.81
7/27/2014,593.85
7/28/2014,585.69
7/29/2014,584.72
7/30/2014,567.29
7/31/2014,586.23
8/1/2014,594.92
8/2/2014,589.33
8/3/2014,586.67
8/4/2014,588.78
8/5/2014,585.44
8/6/2014,584.65
8/7/2014,588.87
8/8/2014,592.58
8/9/2014,589.37
8/10/2014,591.06
8/11/2014,576.37
8/12/2014,569.64
8/13/2014,546.66
8/14/2014,505.97
8/15/2014,497.01
8/16/2014,519.71
8/17/2014,491.8
8/18/2014,461.46
8/19/2014,485.24
8/20/2014,511.98
8/21/2014,517.24
8/22/2014,514.04
8/23/2014,498.08
8/24/2014,508.29
8/25/2014,502.5
8/26/2014,511.57
8/27/2014,511.15
8/28/2014,507.82
8/29/2014,508.52
8/30/2014,504.25
8/31/2014,477.76
9/1/2014,474.88
9/2/2014,477.43
9/3/2014,477.59
9/4/2014,489.66
9/5/2014,483.34
9/6/2014,484.83
9/7/2014,482.28
9/8/2014,474.6
9/9/2014,475.26
9/10/2014,479.36
9/11/2014,479.75
9/12/2014,477.75
9/13/2014,479
9/14/2014,477.89
9/15/2014,475.37
9/16/2014,466.06
9/17/2014,457.33
9/18/2014,424.44
9/19/2014,394.8
9/20/2014,408.9
9/21/2014,398.82
9/22/2014,402.15
9/23/2014,435.79
9/24/2014,423.2
9/25/2014,411.57
9/26/2014,404.42
9/27/2014,399.52
9/28/2014,377.18
9/29/2014,375.47
9/30/2014,386.94
10/1/2014,383.61
10/2/2014,375.07
10/3/2014,359.51
10/4/2014,328.87
10/5/2014,320.51
10/6/2014,330.08
10/7/2014,336.19
10/8/2014,352.94
10/9/2014,365.03
10/10/2014,361.56
10/11/2014,362.3
10/12/2014,378.55
10/13/2014,390.41
10/14/2014,400.87
10/15/2014,394.77
10/16/2014,382.56
10/17/2014,383.76
10/18/2014,391.44
10/19/2014,389.55
10/20/2014,382.85
10/21/2014,386.48
10/22/2014,383.16
10/23/2014,358.42
10/24/2014,358.35
10/25/2014,347.27
10/26/2014,354.7
10/27/2014,352.99
10/28/2014,357.62
10/29/2014,335.59
10/30/2014,345.3
10/31/2014,338.32
11/1/2014,325.75
11/2/2014,325.89
11/3/2014,327.55
11/4/2014,330.49
11/5/2014,339.49
11/6/2014,349.29
11/7/2014,342.42
11/8/2014,345.49
11/9/2014,363.26
11/10/2014,366.92
11/11/2014,367.7
11/12/2014,423.56
11/13/2014,420.73
11/14/2014,397.82
11/15/2014,376.13
11/16/2014,387.88
11/17/2014,387.41
11/18/2014,375.2
11/19/2014,380.55
11/20/2014,357.84
11/21/2014,350.85
11/22/2014,352.92
11/23/2014,367.57
11/24/2014,376.9
11/25/2014,375.35
11/26/2014,368.37
11/27/2014,369.67
11/28/2014,376.45
11/29/2014,375.49
11/30/2014,378.05
12/1/2014,379.24
12/2/2014,381.32
12/3/2014,375.01
12/4/2014,369.6
12/5/2014,376.85
12/6/2014,374.79
12/7/2014,375.1
12/8/2014,361.91
12/9/2014,352.22
12/10/2014,346.36
12/11/2014,350.51
12/12/2014,352.54
12/13/2014,347.38
12/14/2014,351.63
12/15/2014,345.35
12/16/2014,327.06
12/17/2014,319.78
12/18/2014,311.4
12/19/2014,317.84
12/20/2014,329.96
12/21/2014,320.84
12/22/2014,331.89
12/23/2014,334.57
12/24/2014,322.53
12/25/2014,319.01
12/26/2014,327.92
12/27/2014,315.86
12/28/2014,317.24
12/29/2014,312.67
12/30/2014,310.74
12/31/2014,320.19
1/1/2015,314.25
1/2/2015,315.03
1/3/2015,281.08
1/4/2015,264.2
1/5/2015,274.47
1/6/2015,286.19
1/7/2015,294.34
1/8/2015,283.35
1/9/2015,290.41
1/10/2015,274.8
1/11/2015,265.66
1/12/2015,267.8
1/13/2015,225.86
1/14/2015,178.1
1/15/2015,209.84
1/16/2015,208.1
1/17/2015,199.26
1/18/2015,210.34
1/19/2015,214.86
1/20/2015,211.32
1/21/2015,226.9
1/22/2015,233.41
1/23/2015,232.88
1/24/2015,247.85
1/25/2015,253.72
1/26/2015,273.47
1/27/2015,263.48
1/28/2015,233.91
1/29/2015,233.51
1/30/2015,226.43
1/31/2015,217.46
2/1/2015,226.97
2/2/2015,238.23
2/3/2015,227.27
2/4/2015,226.85
2/5/2015,217.11
2/6/2015,222.27
2/7/2015,227.75
2/8/2015,223.41
2/9/2015,220.11
2/10/2015,219.84
2/11/2015,219.18
2/12/2015,221.76
2/13/2015,235.43
2/14/2015,257.32
2/15/2015,234.82
2/16/2015,233.84
2/17/2015,243.61
2/18/2015,236.33
2/19/2015,240.28
2/20/2015,243.78
2/21/2015,244.53
2/22/2015,235.98
2/23/2015,238.89
2/24/2015,238.74
2/25/2015,237.47
2/26/2015,236.43
2/27/2015,253.83
2/28/2015,254.26
3/1/2015,260.2
3/2/2015,275.67
3/3/2015,281.7
3/4/2015,273.09
3/5/2015,276.18
3/6/2015,272.72
3/7/2015,276.26
3/8/2015,274.35
3/9/2015,289.61
3/10/2015,291.76
3/11/2015,296.38
3/12/2015,294.35
3/13/2015,285.34
3/14/2015,281.89
3/15/2015,286.39
3/16/2015,290.59
3/17/2015,285.51
3/18/2015,256.3
3/19/2015,260.93
3/20/2015,261.75
3/21/2015,260.02
3/22/2015,267.96
3/23/2015,266.74
3/24/2015,245.6
3/25/2015,246.2
3/26/2015,248.53
3/27/2015,247.03
3/28/2015,252.8
3/29/2015,242.71
3/30/2015,247.53
3/31/2015,244.22
4/1/2015,247.27
4/2/2015,253.01
4/3/2015,254.32
4/4/2015,253.7
4/5/2015,260.6
4/6/2015,255.49
4/7/2015,253.18
4/8/2015,245.02
4/9/2015,243.68
4/10/2015,236.07
4/11/2015,236.55
4/12/2015,236.15
4/13/2015,224.59
4/14/2015,219.16
4/15/2015,223.83
4/16/2015,228.57
4/17/2015,222.88
4/18/2015,223.36
4/19/2015,222.6
4/20/2015,224.63
4/21/2015,235.27
4/22/2015,234.18
4/23/2015,236.46
4/24/2015,231.27
4/25/2015,226.39
4/26/2015,219.43
4/27/2015,229.29
4/28/2015,225.85
4/29/2015,225.81
4/30/2015,236.15
5/1/2015,232.08
5/2/2015,234.93
5/3/2015,240.36
5/4/2015,239.02
5/5/2015,236.12
5/6/2015,229.78
5/7/2015,237.33
5/8/2015,243.86
5/9/2015,241.83
5/10/2015,240.3
5/11/2015,242.16
5/12/2015,241.11
5/13/2015,236.38
5/14/2015,236.93
5/15/2015,237.6
5/16/2015,236.15
5/17/2015,236.8
5/18/2015,233.13
5/19/2015,231.95
5/20/2015,234.02
5/21/2015,235.34
5/22/2015,240.35
5/23/2015,238.87
5/24/2015,240.95
5/25/2015,237.11
5/26/2015,237.12
5/27/2015,237.28
5/28/2015,237.41
5/29/2015,237.1
5/30/2015,233.35
5/31/2015,230.19
6/1/2015,222.93
6/2/2015,225.8
6/3/2015,225.87
6/4/2015,224.32
6/5/2015,224.95
6/6/2015,225.62
6/7/2015,222.88
6/8/2015,228.49
6/9/2015,229.05
6/10/2015,228.8
6/11/2015,229.71
6/12/2015,229.98
6/13/2015,232.4
6/14/2015,233.54
6/15/2015,236.82
6/16/2015,250.9
6/17/2015,249.28
6/18/2015,249.01
6/19/2015,244.61
6/20/2015,245.21
6/21/2015,243.94
6/22/2015,246.99
6/23/2015,244.3
6/24/2015,240.51
6/25/2015,242.8
6/26/2015,243.59
6/27/2015,250.99
6/28/2015,249.01
6/29/2015,257.06
6/30/2015,263.07
7/1/2015,258.62
7/2/2015,255.41
7/3/2015,256.34
7/4/2015,260.89
7/5/2015,271.91
7/6/2015,269.03
7/7/2015,266.21
7/8/2015,270.79
7/9/2015,269.23
7/10/2015,284.89
7/11/2015,293.11
7/12/2015,310.87
7/13/2015,292.05
7/14/2015,287.46
7/15/2015,285.83
7/16/2015,278.09
7/17/2015,279.47
7/18/2015,274.9
7/19/2015,273.61
7/20/2015,278.98
7/21/2015,275.83
7/22/2015,277.22
7/23/2015,276.05
7/24/2015,288.28
7/25/2015,288.7
7/26/2015,292.69
7/27/2015,293.62
7/28/2015,294.43
7/29/2015,289.59
7/30/2015,287.72
7/31/2015,284.65
8/1/2015,281.6
8/2/2015,282.61
8/3/2015,281.23
8/4/2015,285.22
8/5/2015,281.88
8/6/2015,278.58
8/7/2015,279.58
8/8/2015,261
8/9/2015,265.08
8/10/2015,264.47
8/11/2015,270.39
8/12/2015,266.38
8/13/2015,264.08
8/14/2015,265.68
8/15/2015,261.55
8/16/2015,258.51
8/17/2015,257.98
8/18/2015,211.08
8/19/2015,226.68
8/20/2015,235.35
8/21/2015,232.57
8/22/2015,230.39
8/23/2015,228.17
8/24/2015,210.49
8/25/2015,221.61
8/26/2015,225.83
8/27/2015,224.77
8/28/2015,231.4
8/29/2015,229.78
8/30/2015,228.76
8/31/2015,230.06
9/1/2015,228.12
9/2/2015,229.28
9/3/2015,227.18
9/4/2015,230.3
9/5/2015,235.02
9/6/2015,239.84
9/7/2015,239.85
9/8/2015,243.61
9/9/2015,238.17
9/10/2015,238.48
9/11/2015,240.11
9/12/2015,235.23
9/13/2015,230.51
9/14/2015,230.64
9/15/2015,230.3
9/16/2015,229.09
9/17/2015,229.81
9/18/2015,232.98
9/19/2015,231.49
9/20/2015,231.21
9/21/2015,227.09
9/22/2015,230.62
9/23/2015,230.28
9/24/2015,234.53
9/25/2015,235.14
9/26/2015,234.34
9/27/2015,232.76
9/28/2015,239.14
9/29/2015,236.69
9/30/2015,236.06
10/1/2015,237.55
10/2/2015,237.29
10/3/2015,238.73
10/4/2015,238.26
10/5/2015,240.38
10/6/2015,246.06
10/7/2015,242.97
10/8/2015,242.3
10/9/2015,243.93
10/10/2015,244.94
10/11/2015,247.05
10/12/2015,245.31
10/13/2015,249.51
10/14/2015,251.99
10/15/2015,254.32
10/16/2015,262.87
10/17/2015,270.64
10/18/2015,261.64
10/19/2015,263.44
10/20/2015,269.46
10/21/2015,266.27
10/22/2015,274.02
10/23/2015,276.5
10/24/2015,281.65
10/25/2015,283.68
10/26/2015,285.3
10/27/2015,293.79
10/28/2015,304.62
10/29/2015,313.86
10/30/2015,328.02
10/31/2015,314.17
11/1/2015,325.43
11/2/2015,361.19
11/3/2015,403.42
11/4/2015,411.56
11/5/2015,386.35
11/6/2015,374.47
11/7/2015,386.48
11/8/2015,373.37
11/9/2015,380.26
11/10/2015,336.82
11/11/2015,311.08
11/12/2015,338.15
11/13/2015,336.75
11/14/2015,332.91
11/15/2015,320.17
11/16/2015,330.75
11/17/2015,335.09
11/18/2015,334.59
11/19/2015,326.15
11/20/2015,322.02
11/21/2015,326.93
11/22/2015,324.54
11/23/2015,323.05
11/24/2015,320.05
11/25/2015,328.21
11/26/2015,352.68
11/27/2015,358.04
11/28/2015,357.38
11/29/2015,371.29
11/30/2015,377.32
12/1/2015,362.49
12/2/2015,359.19
12/3/2015,361.05
12/4/2015,363.18
12/5/2015,388.95
12/6/2015,388.78
12/7/2015,395.54
12/8/2015,415.56
12/9/2015,417.56
12/10/2015,415.48
12/11/2015,451.94
12/12/2015,435
12/13/2015,433.76
12/14/2015,444.18
12/15/2015,465.32
12/16/2015,454.93
12/17/2015,456.08
12/18/2015,463.62
12/19/2015,462.32
12/20/2015,442.68
12/21/2015,438.64
12/22/2015,436.57
12/23/2015,442.4
12/24/2015,454.98
12/25/2015,455.65
12/26/2015,417.27
12/27/2015,422.82
12/28/2015,422.28
12/29/2015,432.98
12/30/2015,426.62
12/31/2015,430.57
1/1/2016,434.33
1/2/2016,433.44
1/3/2016,430.01
1/4/2016,433.09
1/5/2016,431.96
1/6/2016,429.11
1/7/2016,458.05
1/8/2016,453.23
1/9/2016,447.61
1/10/2016,447.99
1/11/2016,448.43
1/12/2016,435.69
1/13/2016,432.37
1/14/2016,430.31
1/15/2016,364.33
1/16/2016,387.54
1/17/2016,382.3
1/18/2016,387.17
1/19/2016,380.15
1/20/2016,420.23
1/21/2016,410.26
1/22/2016,382.49
1/23/2016,387.49
1/24/2016,402.97
1/25/2016,391.73
1/26/2016,392.15
1/27/2016,394.97
1/28/2016,380.29
1/29/2016,379.47
1/30/2016,378.26
1/31/2016,368.77
2/1/2016,373.06
2/2/2016,374.45
2/3/2016,369.95
2/4/2016,389.59
2/5/2016,386.55
2/6/2016,376.52
2/7/2016,376.62
2/8/2016,373.45
2/9/2016,376.03
2/10/2016,381.65
2/11/2016,379.65
2/12/2016,384.26
2/13/2016,391.86
2/14/2016,407.23
2/15/2016,400.18
2/16/2016,407.49
2/17/2016,416.32
2/18/2016,422.37
2/19/2016,420.79
2/20/2016,437.16
2/21/2016,438.8
2/22/2016,437.75
2/23/2016,420.74
2/24/2016,424.95
2/25/2016,424.54
2/26/2016,432.15
2/27/2016,432.52
2/28/2016,433.5
2/29/2016,437.7
3/1/2016,435.12
3/2/2016,423.99
3/3/2016,421.65
3/4/2016,410.94
3/5/2016,400.57
3/6/2016,407.71
3/7/2016,414.32
3/8/2016,413.97
3/9/2016,414.86
3/10/2016,417.13
3/11/2016,421.69
3/12/2016,411.62
3/13/2016,414.07
3/14/2016,416.44
3/15/2016,416.83
3/16/2016,417.01
3/17/2016,420.62
3/18/2016,409.55
3/19/2016,410.44
3/20/2016,413.76
3/21/2016,413.31
3/22/2016,418.09
3/23/2016,418.04
3/24/2016,416.39
3/25/2016,417.18
3/26/2016,417.95
3/27/2016,426.77
3/28/2016,424.23
3/29/2016,416.52
3/30/2016,414.82
3/31/2016,416.73
4/1/2016,417.96
4/2/2016,420.87
4/3/2016,420.9
4/4/2016,421.44
4/5/2016,424.03
4/6/2016,423.41
4/7/2016,422.74
4/8/2016,420.35
4/9/2016,419.41
4/10/2016,421.56
4/11/2016,422.48
4/12/2016,425.19
4/13/2016,423.73
4/14/2016,424.28
4/15/2016,429.71
4/16/2016,430.57
4/17/2016,427.4
4/18/2016,428.59
4/19/2016,435.51
4/20/2016,441.39
4/21/2016,449.42
4/22/2016,445.74
4/23/2016,450.28
4/24/2016,458.55
4/25/2016,461.43
4/26/2016,466.09
4/27/2016,444.69
4/28/2016,449.01
4/29/2016,455.1
4/30/2016,448.32
5/1/2016,451.88
5/2/2016,444.67
5/3/2016,450.3
5/4/2016,446.72
5/5/2016,447.98
5/6/2016,459.6
5/7/2016,458.54
5/8/2016,458.55
5/9/2016,460.48
5/10/2016,450.89
5/11/2016,452.73
5/12/2016,454.77
5/13/2016,455.67
5/14/2016,455.67
5/15/2016,457.57
5/16/2016,454.16
5/17/2016,453.78
5/18/2016,454.62
5/19/2016,438.71
5/20/2016,442.68
5/21/2016,443.19
5/22/2016,439.32
5/23/2016,444.15
5/24/2016,445.98
5/25/2016,449.6
5/26/2016,453.38
5/27/2016,473.46
5/28/2016,530.04
5/29/2016,526.23
5/30/2016,533.86
5/31/2016,531.39
6/1/2016,536.92
6/2/2016,537.97
6/3/2016,569.19
6/4/2016,572.73
6/5/2016,574.98
6/6/2016,585.54
6/7/2016,576.6
6/8/2016,581.65
6/9/2016,574.63
6/10/2016,577.47
6/11/2016,606.73
6/12/2016,672.78
6/13/2016,704.38
6/14/2016,685.56
6/15/2016,694.47
6/16/2016,766.31
6/17/2016,748.91
6/18/2016,756.23
6/19/2016,763.78
6/20/2016,737.23
6/21/2016,666.65
6/22/2016,596.12
6/23/2016,623.98
6/24/2016,665.3
6/25/2016,665.12
6/26/2016,629.37
6/27/2016,655.28
6/28/2016,647
6/29/2016,639.89
6/30/2016,673.34
7/1/2016,676.3
7/2/2016,703.7
7/3/2016,658.66
7/4/2016,683.66
7/5/2016,670.63
7/6/2016,677.33
7/7/2016,640.56
7/8/2016,666.52
7/9/2016,650.96
7/10/2016,649.36
7/11/2016,647.66
7/12/2016,664.55
7/13/2016,654.47
7/14/2016,658.08
7/15/2016,663.26
7/16/2016,660.77
7/17/2016,679.46
7/18/2016,673.11
7/19/2016,672.86
7/20/2016,665.68
7/21/2016,665.01
7/22/2016,650.62
7/23/2016,655.56
7/24/2016,661.28
7/25/2016,654.1
7/26/2016,651.78
7/27/2016,654.35
7/28/2016,655.03
7/29/2016,656.99
7/30/2016,655.05
7/31/2016,624.68
8/1/2016,606.27
8/2/2016,547.47
8/3/2016,566.35
8/4/2016,578.29
8/5/2016,575.04
8/6/2016,587.78
8/7/2016,592.69
8/8/2016,591.05
8/9/2016,587.8
8/10/2016,592.1
8/11/2016,589.12
8/12/2016,587.56
8/13/2016,585.59
8/14/2016,570.47
8/15/2016,567.24
8/16/2016,577.44
8/17/2016,573.22
8/18/2016,574.32
8/19/2016,575.63
8/20/2016,581.7
8/21/2016,581.31
8/22/2016,586.75
8/23/2016,583.41
8/24/2016,580.18
8/25/2016,577.76
8/26/2016,579.65
8/27/2016,569.95
8/28/2016,573.91
8/29/2016,574.11
8/30/2016,577.5
8/31/2016,575.47
9/1/2016,572.3
9/2/2016,575.54
9/3/2016,598.21
9/4/2016,608.63
9/5/2016,606.59
9/6/2016,610.44
9/7/2016,614.54
9/8/2016,626.32
9/9/2016,622.86
9/10/2016,623.51
9/11/2016,606.72
9/12/2016,608.24
9/13/2016,609.24
9/14/2016,610.68
9/15/2016,607.16
9/16/2016,606.97
9/17/2016,605.98
9/18/2016,609.87
9/19/2016,609.23
9/20/2016,608.31
9/21/2016,597.15
9/22/2016,596.3
9/23/2016,602.84
9/24/2016,602.63
9/25/2016,600.83
9/26/2016,608.04
9/27/2016,606.17
9/28/2016,604.73
9/29/2016,605.69
9/30/2016,609.73
10/1/2016,613.98
10/2/2016,610.89
10/3/2016,612.13
10/4/2016,610.2
10/5/2016,612.51
10/6/2016,613.02
10/7/2016,617.12
10/8/2016,619.11
10/9/2016,616.75
10/10/2016,618.99
10/11/2016,641.07
10/12/2016,636.19
10/13/2016,636.79
10/14/2016,640.38
10/15/2016,638.65
10/16/2016,641.63
10/17/2016,639.19
10/18/2016,637.96
10/19/2016,630.52
10/20/2016,630.86
10/21/2016,632.83
10/22/2016,657.29
10/23/2016,657.07
10/24/2016,653.76
10/25/2016,657.59
10/26/2016,678.3
10/27/2016,688.31
10/28/2016,689.65
10/29/2016,714.48
10/30/2016,701.86
10/31/2016,700.97
11/1/2016,729.79
11/2/2016,740.83
11/3/2016,688.7
11/4/2016,703.23
11/5/2016,703.42
11/6/2016,711.52
11/7/2016,703.13
11/8/2016,709.85
11/9/2016,723.27
11/10/2016,715.53
11/11/2016,716.41
11/12/2016,705.05
11/13/2016,702.03
11/14/2016,705.02
11/15/2016,711.62
11/16/2016,744.2
11/17/2016,740.98
11/18/2016,751.59
11/19/2016,751.62
11/20/2016,731.03
11/21/2016,739.25
11/22/2016,751.35
11/23/2016,744.59
11/24/2016,740.29
11/25/2016,741.65
11/26/2016,735.38
11/27/2016,732.03
11/28/2016,735.81
11/29/2016,735.6
11/30/2016,745.69
12/1/2016,756.77
12/2/2016,777.94
12/3/2016,771.16
12/4/2016,773.87
12/5/2016,758.7
12/6/2016,764.22
12/7/2016,768.13
12/8/2016,770.81
12/9/2016,772.79
12/10/2016,774.65
12/11/2016,769.73
12/12/2016,780.09
12/13/2016,780.56
12/14/2016,781.48
12/15/2016,778.09
12/16/2016,784.91
12/17/2016,790.83
12/18/2016,790.53
12/19/2016,792.71
12/20/2016,800.88
12/21/2016,834.28
12/22/2016,864.54
12/23/2016,921.98
12/24/2016,898.82
12/25/2016,896.18
12/26/2016,907.61
12/27/2016,933.2
12/28/2016,975.92
12/29/2016,973.5
12/30/2016,961.24
12/31/2016,963.74
1/1/2017,998.33
1/2/2017,1021.75
1/3/2017,1043.84
1/4/2017,1154.73
1/5/2017,1013.38
1/6/2017,902.2
1/7/2017,908.59
1/8/2017,911.2
1/9/2017,902.83
1/10/2017,907.68
1/11/2017,777.76
1/12/2017,804.83
1/13/2017,823.98
1/14/2017,818.41
1/15/2017,821.8
1/16/2017,831.53
1/17/2017,907.94
1/18/2017,886.62
1/19/2017,899.07
1/20/2017,895.03
1/21/2017,921.79
1/22/2017,924.67
1/23/2017,921.01
1/24/2017,892.69
1/25/2017,901.54
1/26/2017,917.59
1/27/2017,919.75
1/28/2017,921.59
1/29/2017,919.5
1/30/2017,920.38
1/31/2017,970.4
2/1/2017,989.02
2/2/2017,1011.8
2/3/2017,1029.91
2/4/2017,1042.9
2/5/2017,1027.34
2/6/2017,1038.15
2/7/2017,1061.35
2/8/2017,1063.07
2/9/2017,994.38
2/10/2017,988.67
2/11/2017,1004.45
2/12/2017,999.18
2/13/2017,990.64
2/14/2017,1004.55
2/15/2017,1007.48
2/16/2017,1027.44
2/17/2017,1046.21
2/18/2017,1054.42
2/19/2017,1047.87
2/20/2017,1079.98
2/21/2017,1115.3
2/22/2017,1117.44
2/23/2017,1166.72
2/24/2017,1173.68
2/25/2017,1143.84
2/26/2017,1165.2
2/27/2017,1179.97
2/28/2017,1179.97
3/1/2017,1222.5
3/2/2017,1251.01
3/3/2017,1274.99
3/4/2017,1255.15
3/5/2017,1267.12
3/6/2017,1272.83
3/7/2017,1223.54
3/8/2017,1150
3/9/2017,1188.49
3/10/2017,1116.72
3/11/2017,1175.83
3/12/2017,1221.38
3/13/2017,1231.92
3/14/2017,1240
3/15/2017,1249.61
3/16/2017,1187.81
3/17/2017,1100.23
3/18/2017,973.82
3/19/2017,1036.74
3/20/2017,1054.23
3/21/2017,1120.54
3/22/2017,1049.14
3/23/2017,1038.59
3/24/2017,937.52
3/25/2017,972.78
3/26/2017,966.72
3/27/2017,1045.77
3/28/2017,1047.15
3/29/2017,1039.97
3/30/2017,1026.43
3/31/2017,1071.79
4/1/2017,1080.5
4/2/2017,1102.17
4/3/2017,1143.81
4/4/2017,1133.25
4/5/2017,1124.78
4/6/2017,1182.68
4/7/2017,1176.9
4/8/2017,1175.95
4/9/2017,1187.87
4/10/2017,1187.13
4/11/2017,1205.01
4/12/2017,1200.37
4/13/2017,1169.28
4/14/2017,1167.54
4/15/2017,1172.52
4/16/2017,1182.94
4/17/2017,1193.91
4/18/2017,1211.67
4/19/2017,1210.29
4/20/2017,1229.08
4/21/2017,1222.05
4/22/2017,1231.71
4/23/2017,1207.21
4/24/2017,1250.15
4/25/2017,1265.49
4/26/2017,1281.08
4/27/2017,1317.73
4/28/2017,1316.48
4/29/2017,1321.79
4/30/2017,1347.89
5/1/2017,1421.6
5/2/2017,1452.82
5/3/2017,1490.09
5/4/2017,1537.67
5/5/2017,1555.45
5/6/2017,1578.8
5/7/2017,1596.71
5/8/2017,1723.35
5/9/2017,1755.36
5/10/2017,1787.13
5/11/2017,1848.57
5/12/2017,1724.24
5/13/2017,1804.91
5/14/2017,1808.91
5/15/2017,1738.43
5/16/2017,1734.45
5/17/2017,1839.09
5/18/2017,1888.65
5/19/2017,1987.71
5/20/2017,2084.73
5/21/2017,2041.2
5/22/2017,2173.4
5/23/2017,2320.42
5/24/2017,2443.64
5/25/2017,2304.98
5/26/2017,2202.42
5/27/2017,2038.87
5/28/2017,2155.8
5/29/2017,2255.61
5/30/2017,2175.47
5/31/2017,2286.41
6/1/2017,2407.88
6/2/2017,2488.55
6/3/2017,2515.35
6/4/2017,2511.81
6/5/2017,2686.81
6/6/2017,2863.2
6/7/2017,2732.16
6/8/2017,2805.62
6/9/2017,2823.81
6/10/2017,2947.71
6/11/2017,2958.11
6/12/2017,2659.63
6/13/2017,2717.02
6/14/2017,2506.37
6/15/2017,2464.58
6/16/2017,2518.56
6/17/2017,2655.88
6/18/2017,2548.29
6/19/2017,2589.6
6/20/2017,2721.79
6/21/2017,2689.1
6/22/2017,2705.41
6/23/2017,2744.91
6/24/2017,2608.72
6/25/2017,2589.41
6/26/2017,2478.45
6/27/2017,2552.45
6/28/2017,2574.79
6/29/2017,2539.32
6/30/2017,2480.84
7/1/2017,2434.55
7/2/2017,2506.47
7/3/2017,2564.06
7/4/2017,2601.64
7/5/2017,2601.99
7/6/2017,2608.56
7/7/2017,2518.66
7/8/2017,2571.34
7/9/2017,2518.44
7/10/2017,2372.56
7/11/2017,2337.79
7/12/2017,2398.84
7/13/2017,2357.9
7/14/2017,2233.34
7/15/2017,1998.86
7/16/2017,1929.82
7/17/2017,2228.41
7/18/2017,2318.88
7/19/2017,2273.43
7/20/2017,2817.6
7/21/2017,2667.76
7/22/2017,2810.12
7/23/2017,2730.4
7/24/2017,2754.86
7/25/2017,2576.48
7/26/2017,2529.45
7/27/2017,2671.78
7/28/2017,2809.01
7/29/2017,2726.45
7/30/2017,2757.18
7/31/2017,2875.34
8/1/2017,2718.26
8/2/2017,2710.67
8/3/2017,2804.73
8/4/2017,2895.89
8/5/2017,3252.91
8/6/2017,3213.94
8/7/2017,3378.94
8/8/2017,3419.94
8/9/2017,3342.47
8/10/2017,3381.28
8/11/2017,3650.62
8/12/2017,3884.71
8/13/2017,4073.26
8/14/2017,4325.13
8/15/2017,4181.93
8/16/2017,4376.63
8/17/2017,4331.69
8/18/2017,4160.62
8/19/2017,4193.7
8/20/2017,4087.66
8/21/2017,4001.74
8/22/2017,4100.52
8/23/2017,4151.52
8/24/2017,4334.68
8/25/2017,4371.6
8/26/2017,4352.4
8/27/2017,4382.88
8/28/2017,4382.66
8/29/2017,4579.02
8/30/2017,4565.3
8/31/2017,4703.39
9/1/2017,4892.01
9/2/2017,4578.77
9/3/2017,4582.96
9/4/2017,4236.31
9/5/2017,4376.53
9/6/2017,4597.12
9/7/2017,4599.88
9/8/2017,4228.75
9/9/2017,4226.06
9/10/2017,4122.94
9/11/2017,4161.27
9/12/2017,4130.81
9/13/2017,3882.59
9/14/2017,3154.95
9/15/2017,3637.52
9/16/2017,3625.04
9/17/2017,3582.88
9/18/2017,4065.2
9/19/2017,3924.97
9/20/2017,3905.95
9/21/2017,3631.04
9/22/2017,3630.7
9/23/2017,3792.4
9/24/2017,3682.84
9/25/2017,3926.07
9/26/2017,3892.35
9/27/2017,4200.67
9/28/2017,4174.73
9/29/2017,4163.07
9/30/2017,4338.71
10/1/2017,4403.74
10/2/2017,4409.32
10/3/2017,4317.48
10/4/2017,4229.36
10/5/2017,4328.41
10/6/2017,4370.81
10/7/2017,4426.89
10/8/2017,4610.48
10/9/2017,4772.02
10/10/2017,4781.99
10/11/2017,4826.48
10/12/2017,5446.91
10/13/2017,5647.21
10/14/2017,5831.79
10/15/2017,5678.19
10/16/2017,5725.59
10/17/2017,5605.51
10/18/2017,5590.69
10/19/2017,5708.52
10/20/2017,6011.45
10/21/2017,6031.6
10/22/2017,6008.42
10/23/2017,5930.32
10/24/2017,5526.64
10/25/2017,5750.8
10/26/2017,5904.83
10/27/2017,5780.9
10/28/2017,5753.09
10/29/2017,6153.85
10/30/2017,6130.53
10/31/2017,6468.4
11/1/2017,6767.31
11/2/2017,7078.5
11/3/2017,7207.76
11/4/2017,7379.95
11/5/2017,7407.41
11/6/2017,7022.76
11/7/2017,7144.38
11/8/2017,7459.69
11/9/2017,7143.58
11/10/2017,6618.14
11/11/2017,6357.6
11/12/2017,5950.07
11/13/2017,6559.49
11/14/2017,6635.75
11/15/2017,7315.54
11/16/2017,7871.69
11/17/2017,7708.99
11/18/2017,7790.15
11/19/2017,8036.49
11/20/2017,8200.64
11/21/2017,8071.26
11/22/2017,8253.55
11/23/2017,8038.77
11/24/2017,8253.69
11/25/2017,8790.92
11/26/2017,9330.55
11/27/2017,9818.35
11/28/2017,10058.8
11/29/2017,9888.61
11/30/2017,10233.6
12/1/2017,10975.6
12/2/2017,11074.6
12/3/2017,11323.2
12/4/2017,11657.2
12/5/2017,11916.7
12/6/2017,14291.5
12/7/2017,17899.7
12/8/2017,16569.4
12/9/2017,15178.2
12/10/2017,15455.4
12/11/2017,16936.8
12/12/2017,17415.4
12/13/2017,16408.2
12/14/2017,16564
12/15/2017,17706.9
12/16/2017,19497.4
12/17/2017,19140.8
12/18/2017,19114.2
12/19/2017,17776.7
12/20/2017,16624.6
12/21/2017,15802.9
12/22/2017,13831.8
12/23/2017,14699.2
12/24/2017,13925.8
12/25/2017,14026.6
12/26/2017,16099.8
12/27/2017,15838.5
12/28/2017,14606.5
12/29/2017,14656.2
12/30/2017,12952.2
12/31/2017,14156.4
1/1/2018,13657.2
1/2/2018,14982.1
1/3/2018,15201
1/4/2018,15599.2
1/5/2018,17429.5
1/6/2018,17527
1/7/2018,16477.6
1/8/2018,15170.1
1/9/2018,14595.4
1/10/2018,14973.3
1/11/2018,13405.8
1/12/2018,13980.6
1/13/2018,14360.2
1/14/2018,13772
1/15/2018,13819.8
1/16/2018,11490.5
1/17/2018,11188.6
1/18/2018,11474.9
1/19/2018,11607.4
1/20/2018,12899.2
1/21/2018,11600.1
1/22/2018,10931.4
1/23/2018,10868.4
1/24/2018,11359.4
1/25/2018,11259.4
1/26/2018,11171.4
1/27/2018,11440.7
1/28/2018,11786.3
1/29/2018,11296.4
1/30/2018,10106.3
1/31/2018,10221.1
2/1/2018,9170.54
2/2/2018,8830.75
2/3/2018,9174.91
2/4/2018,8277.01
2/5/2018,6955.27
2/6/2018,7754
2/7/2018,7621.3
2/8/2018,8265.59
2/9/2018,8736.98
2/10/2018,8621.9
2/11/2018,8129.97
2/12/2018,8926.57
2/13/2018,8598.31
2/14/2018,9494.63
2/15/2018,10166.4
2/16/2018,10233.9
2/17/2018,11112.7
2/18/2018,10551.8
2/19/2018,11225.3
2/20/2018,11403.7
2/21/2018,10690.4
2/22/2018,10005
2/23/2018,10301.1
2/24/2018,9813.07
2/25/2018,9664.73
2/26/2018,10366.7
2/27/2018,10725.6
2/28/2018,10397.9
3/1/2018,10951
3/2/2018,11086.4
3/3/2018,11489.7
3/4/2018,11512.6
3/5/2018,11573.3
3/6/2018,10779.9
3/7/2018,9965.57
3/8/2018,9395.01
3/9/2018,9337.55
3/10/2018,8866
3/11/2018,9578.63
3/12/2018,9205.12
3/13/2018,9194.85
3/14/2018,8269.81
3/15/2018,8300.86
3/16/2018,8338.35
3/17/2018,7916.88
3/18/2018,8223.68
3/19/2018,8630.65
3/20/2018,8913.47
3/21/2018,8929.28
3/22/2018,8728.47
3/23/2018,8879.62
3/24/2018,8668.12
3/25/2018,8495.78
3/26/2018,8209.4
3/27/2018,7833.04
3/28/2018,7954.48
3/29/2018,7165.7
3/30/2018,6890.52
3/31/2018,6973.53
4/1/2018,6844.23
4/2/2018,7083.8
4/3/2018,7456.11
4/4/2018,6853.84
4/5/2018,6811.47
4/6/2018,6636.32
4/7/2018,6911.09
4/8/2018,7023.52
4/9/2018,6770.73
4/10/2018,6834.76
4/11/2018,6968.32
4/12/2018,7889.25
4/13/2018,7895.96
4/14/2018,7986.24
4/15/2018,8329.11
4/16/2018,8058.67
4/17/2018,7902.09
4/18/2018,8163.42
4/19/2018,8294.31
4/20/2018,8845.83
4/21/2018,8895.58
4/22/2018,8802.46
4/23/2018,8930.88
4/24/2018,9697.5
4/25/2018,8845.74
4/26/2018,9281.51
4/27/2018,8987.05
4/28/2018,9348.48
4/29/2018,9419.08
4/30/2018,9240.55
5/1/2018,9119.01
5/2/2018,9235.92
5/3/2018,9743.86
5/4/2018,9700.76
5/5/2018,9858.15
5/6/2018,9654.8
5/7/2018,9373.01
5/8/2018,9234.82
5/9/2018,9325.18
5/10/2018,9043.94
5/11/2018,8441.49
5/12/2018,8504.89
5/13/2018,8723.94
5/14/2018,8716.79
5/15/2018,8510.38
5/16/2018,8368.83
5/17/2018,8094.32
5/18/2018,8250.97
5/19/2018,8247.18
5/20/2018,8513.25
5/21/2018,8418.99
5/22/2018,8041.78
5/23/2018,7557.82
5/24/2018,7587.34
5/25/2018,7480.14
5/26/2018,7355.88
5/27/2018,7368.22
5/28/2018,7135.99
5/29/2018,7472.59
5/30/2018,7406.52
5/31/2018,7494.17
6/1/2018,7541.45
6/2/2018,7643.45
6/3/2018,7720.25
6/4/2018,7736.89
6/5/2018,7633.76
6/6/2018,7653.98
6/7/2018,7678.24
6/8/2018,7624.92
6/9/2018,7531.98
6/10/2018,6786.02
6/11/2018,6906.92
6/12/2018,6582.36
6/13/2018,6349.9
6/14/2018,6675.35
6/15/2018,6456.58
6/16/2018,6550.16
6/17/2018,6499.27
6/18/2018,6734.82
6/19/2018,6769.94
6/20/2018,6776.55
6/21/2018,6729.74
6/22/2018,6083.69
6/23/2018,6162.48
6/24/2018,6173.23
6/25/2018,6249.18
6/26/2018,6093.67
6/27/2018,6157.13
6/28/2018,5903.44
6/29/2018,6218.3
6/30/2018,6404
7/1/2018,6385.82
7/2/2018,6614.18
7/3/2018,6529.59
7/4/2018,6597.55
7/5/2018,6639.14
7/6/2018,6673.5
7/7/2018,6856.93
7/8/2018,6773.88
7/9/2018,6741.75
7/10/2018,6329.95
7/11/2018,6394.71
7/12/2018,6228.81
7/13/2018,6238.05
7/14/2018,6276.12
7/15/2018,6359.64
7/16/2018,6741.75
7/17/2018,7321.04
7/18/2018,7370.78
7/19/2018,7466.86
7/20/2018,7354.13
7/21/2018,7419.29
7/22/2018,7418.49
7/23/2018,7711.11
7/24/2018,8424.27
7/25/2018,8181.39
7/26/2018,7951.58
7/27/2018,8165.01
7/28/2018,8192.15
7/29/2018,8218.46
7/30/2018,8180.48
7/31/2018,7780.44
8/1/2018,7624.91
8/2/2018,7567.15
8/3/2018,7434.39
8/4/2018,7032.85
8/5/2018,7068.48
8/6/2018,6951.8
8/7/2018,6753.12
8/8/2018,6305.8
8/9/2018,6568.23
8/10/2018,6184.71
8/11/2018,6295.73
8/12/2018,6322.69
8/13/2018,6297.57
8/14/2018,6199.71
8/15/2018,6308.52
8/16/2018,6334.73
8/17/2018,6580.63
8/18/2018,6423.76
8/19/2018,6506.07
8/20/2018,6308.53
8/21/2018,6488.76
8/22/2018,6376.71
8/23/2018,6534.88
8/24/2018,6719.96
8/25/2018,6763.19
8/26/2018,6707.26
8/27/2018,6884.64
8/28/2018,7096.28
8/29/2018,7047.16
8/30/2018,6978.23
8/31/2018,7037.58
9/1/2018,7193.25
9/2/2018,7272.72
9/3/2018,7260.06
9/4/2018,7361.66
9/5/2018,6792.83
9/6/2018,6529.17
9/7/2018,6467.07
9/8/2018,6225.98
9/9/2018,6300.86
9/10/2018,6329.7
9/11/2018,6321.2
9/12/2018,6351.8
9/13/2018,6517.31
9/14/2018,6512.71
9/15/2018,6543.2
9/16/2018,6517.18
9/17/2018,6281.2
9/18/2018,6371.3
9/19/2018,6398.54
9/20/2018,6519.67
9/21/2018,6734.95
9/22/2018,6721.98
9/23/2018,6710.63
9/24/2018,6595.41
9/25/2018,6446.47
9/26/2018,6495
9/27/2018,6676.75
9/28/2018,6644.13
9/29/2018,6601.96
9/30/2018,6625.56
10/1/2018,6589.62
10/2/2018,6556.1
10/3/2018,6502.59
10/4/2018,6576.69
10/5/2018,6622.48
10/6/2018,6588.31
10/7/2018,6602.95
10/8/2018,6652.23
10/9/2018,6642.64
10/10/2018,6585.53
10/11/2018,6256.24
10/12/2018,6274.58
10/13/2018,6285.99
10/14/2018,6290.93
10/15/2018,6596.54
10/16/2018,6596.11
10/17/2018,6544.43
10/18/2018,6476.71
10/19/2018,6465.41
10/20/2018,6489.19
10/21/2018,6482.35
10/22/2018,6487.16
10/23/2018,6475.74
10/24/2018,6495.84
10/25/2018,6476.29
10/26/2018,6474.75
10/27/2018,6480.38
10/28/2018,6486.39
10/29/2018,6332.63
10/30/2018,6334.27
10/31/2018,6317.61
11/1/2018,6377.78
11/2/2018,6388.44
11/3/2018,6361.26
11/4/2018,6376.13
11/5/2018,6419.66
11/6/2018,6461.01
11/7/2018,6530.14
11/8/2018,6453.72
11/9/2018,6385.62
11/10/2018,6409.22
11/11/2018,6411.27
11/12/2018,6371.27
11/13/2018,6359.49
11/14/2018,5738.35
11/15/2018,5648.03
11/16/2018,5575.55
11/17/2018,5554.33
11/18/2018,5623.54
11/19/2018,4871.49
11/20/2018,4451.87
11/21/2018,4602.17
11/22/2018,4365.94
11/23/2018,4347.11
11/24/2018,3880.76
11/25/2018,4009.97
11/26/2018,3779.13
11/27/2018,3820.72
11/28/2018,4257.42
11/29/2018,4278.85
11/30/2018,4017.27
12/1/2018,4214.67
12/2/2018,4139.88
12/3/2018,3894.13
12/4/2018,3956.89
12/5/2018,3753.99
12/6/2018,3521.1
12/7/2018,3419.94
12/8/2018,3476.11
12/9/2018,3614.23
12/10/2018,3502.66
12/11/2018,3424.59
12/12/2018,3486.95
12/13/2018,3313.68
12/14/2018,3242.48
12/15/2018,3236.76
12/16/2018,3252.84
12/17/2018,3545.86
12/18/2018,3696.06
12/19/2018,3745.95
12/20/2018,4134.44
12/21/2018,3896.54
12/22/2018,4014.18
12/23/2018,3998.98
12/24/2018,4078.6
12/25/2018,3815.49
12/26/2018,3857.3
12/27/2018,3654.83
12/28/2018,3923.92
12/29/2018,3820.41
12/30/2018,3865.95
12/31/2018,3742.7
1/1/2019,3843.52
1/2/2019,3943.41
1/3/2019,3836.74
1/4/2019,3857.72
1/5/2019,3845.19
1/6/2019,4076.63
1/7/2019,4025.25
1/8/2019,4030.85
1/9/2019,4035.3
1/10/2019,3678.92
1/11/2019,3687.37
1/12/2019,3661.3
1/13/2019,3552.95
1/14/2019,3706.05
1/15/2019,3630.68
1/16/2019,3655.01
1/17/2019,3678.56
1/18/2019,3657.84
1/19/2019,3728.57
1/20/2019,3601.01
1/21/2019,3576.03
1/22/2019,3604.58
1/23/2019,3585.12
1/24/2019,3600.87
1/25/2019,3599.77
1/26/2019,3602.46
1/27/2019,3583.97
1/28/2019,3470.45
1/29/2019,3448.12
1/30/2019,3486.18
1/31/2019,3457.79
2/1/2019,3487.95
2/2/2019,3521.06
2/3/2019,3464.01
2/4/2019,3459.15
2/5/2019,3466.36
2/6/2019,3413.77
2/7/2019,3399.47
2/8/2019,3666.78
2/9/2019,3671.2
2/10/2019,3690.19
2/11/2019,3648.43
2/12/2019,3653.53
2/13/2019,3632.07
2/14/2019,3616.88
2/15/2019,3620.81
2/16/2019,3629.79
2/17/2019,3673.84
2/18/2019,3915.71
2/19/2019,3947.09
2/20/2019,3999.82
2/21/2019,3954.12
2/22/2019,4005.53
2/23/2019,4142.53
2/24/2019,3810.43
2/25/2019,3882.7
2/26/2019,3854.36
2/27/2019,3851.05
2/28/2019,3854.79
3/1/2019,3859.58
3/2/2019,3864.42
3/3/2019,3847.18
3/4/2019,3761.56
3/5/2019,3896.38
3/6/2019,3903.94
3/7/2019,3911.48
3/8/2019,3901.13
3/9/2019,3963.31
3/10/2019,3951.6
3/11/2019,3905.23
3/12/2019,3909.16
3/13/2019,3906.72
3/14/2019,3924.37
3/15/2019,3960.91
3/16/2019,4048.73
3/17/2019,4025.23
3/18/2019,4032.51
3/19/2019,4071.19
3/20/2019,4087.48
3/21/2019,4029.33
3/22/2019,4023.97
3/23/2019,4035.83
3/24/2019,4022.17
3/25/2019,3963.07
3/26/2019,3985.08
3/27/2019,4087.07
3/28/2019,4069.11
3/29/2019,4098.37
3/30/2019,4106.66
3/31/2019,4105.4
4/1/2019,4158.18
4/2/2019,4879.88
4/3/2019,4973.02
4/4/2019,4922.8
4/5/2019,5036.68
4/6/2019,5059.82
4/7/2019,5198.9
4/8/2019,5289.77
4/9/2019,5204.96
4/10/2019,5324.55
4/11/2019,5064.49
4/12/2019,5089.54
4/13/2019,5096.59
4/14/2019,5167.72
4/15/2019,5067.11
4/16/2019,5235.56
4/17/2019,5251.94
4/18/2019,5298.39
4/19/2019,5303.81
4/20/2019,5337.89
4/21/2019,5314.53
4/22/2019,5399.37
4/23/2019,5572.36
4/24/2019,5464.87
4/25/2019,5210.52
4/26/2019,5279.35
4/27/2019,5268.29
4/28/2019,5285.14
4/29/2019,5247.35
4/30/2019,5350.73
5/1/2019,5402.7
5/2/2019,5505.28
5/3/2019,5768.29
5/4/2019,5831.17
5/5/2019,5795.71
5/6/2019,5746.81
5/7/2019,5829.5
5/8/2019,5982.46
5/9/2019,6174.53
5/10/2019,6378.85
5/11/2019,7204.77
5/12/2019,6972.37
5/13/2019,7814.92
5/14/2019,7994.42
5/15/2019,8205.17
5/16/2019,7884.91
5/17/2019,7343.9
5/18/2019,7271.21
5/19/2019,8197.69
5/20/2019,7978.31
5/21/2019,7963.33
5/22/2019,7680.07
5/23/2019,7881.85
5/24/2019,7987.37
5/25/2019,8052.54
5/26/2019,8673.22
5/27/2019,8805.78
5/28/2019,8719.96
5/29/2019,8659.49
5/30/2019,8319.47
5/31/2019,8574.5
6/1/2019,8564.02
6/2/2019,8742.96
6/3/2019,8208.99
6/4/2019,7707.77
6/5/2019,7824.23
6/6/2019,7822.02
6/7/2019,8043.95
6/8/2019,7954.13
6/9/2019,7688.08
6/10/2019,8000.33
6/11/2019,7927.71
6/12/2019,8145.86
6/13/2019,8230.92
6/14/2019,8693.83
6/15/2019,8838.38
6/16/2019,8994.49
6/17/2019,9320.35
6/18/2019,9081.76
6/19/2019,9273.52
6/20/2019,9527.16
6/21/2019,10144.56
6/22/2019,10701.69
6/23/2019,10855.37
6/24/2019,11011.1
6/25/2019,11790.92
6/26/2019,13016.23
6/27/2019,11182.81
6/28/2019,12407.33
6/29/2019,11959.37
6/30/2019,10817.16
7/1/2019,10583.13
7/2/2019,10801.68
7/3/2019,11961.27
7/4/2019,11215.44
7/5/2019,10978.46
7/6/2019,11208.55
7/7/2019,11450.85
7/8/2019,12285.96
7/9/2019,12573.81
7/10/2019,12156.51
7/11/2019,11358.66
7/12/2019,11815.99
7/13/2019,11392.38
7/14/2019,10256.06
7/15/2019,10895.09
7/16/2019,9477.64
7/17/2019,9693.8
7/18/2019,10666.48
7/19/2019,10530.73
7/20/2019,10767.14
7/21/2019,10599.11
7/22/2019,10343.11
7/23/2019,9900.77
7/24/2019,9811.93
7/25/2019,9911.84
7/26/2019,9870.3
7/27/2019,9477.68
7/28/2019,9552.86
7/29/2019,9519.15
7/30/2019,9607.42
7/31/2019,10085.63
8/1/2019,10399.67
8/2/2019,10518.17
8/3/2019,10821.73
8/4/2019,10970.18
8/5/2019,11805.65
8/6/2019,11478.17
8/7/2019,11941.97
8/8/2019,11966.41
8/9/2019,11862.94
8/10/2019,11354.02
8/11/2019,11523.58
8/12/2019,11382.62
8/13/2019,10895.83
8/14/2019,10051.7
8/15/2019,10311.55
8/16/2019,10374.34
8/17/2019,10231.74
8/18/2019,10345.81
8/19/2019,10916.05
8/20/2019,10763.23
8/21/2019,10138.05
8/22/2019,10131.06
8/23/2019,10407.97
8/24/2019,10159.96
8/25/2019,10138.52
8/26/2019,10370.82
8/27/2019,10185.5
8/28/2019,9754.42
8/29/2019,9510.2
8/30/2019,9598.17
8/31/2019,9630.66
9/1/2019,9757.97
9/2/2019,10346.76
9/3/2019,10623.54
9/4/2019,10594.49
9/5/2019,10575.53
9/6/2019,10353.3
9/7/2019,10517.25
9/8/2019,10441.28
9/9/2019,10334.97
9/10/2019,10115.98
9/11/2019,10178.37
9/12/2019,10410.13
9/13/2019,10360.55
9/14/2019,10358.05
9/15/2019,10347.71
9/16/2019,10276.79
9/17/2019,10241.27
9/18/2019,10198.25
9/19/2019,10266.41
9/20/2019,10181.64
9/21/2019,10019.72
9/22/2019,10070.39
9/23/2019,9729.32
9/24/2019,8620.57
9/25/2019,8486.99
9/26/2019,8118.97
9/27/2019,8251.85
9/28/2019,8245.92
9/29/2019,8104.19
9/30/2019,8293.87
10/1/2019,8343.28
10/2/2019,8393.04
10/3/2019,8259.99
10/4/2019,8205.94
10/5/2019,8151.5
10/6/2019,7988.16
10/7/2019,8245.62
10/8/2019,8228.78
10/9/2019,8595.74
10/10/2019,8586.47
10/11/2019,8321.76
10/12/2019,8336.56
10/13/2019,8321.01
10/14/2019,8374.69
10/15/2019,8205.37
10/16/2019,8047.53
10/17/2019,8103.91
10/18/2019,7973.21
10/19/2019,7988.56
10/20/2019,8222.08
10/21/2019,8243.72
10/22/2019,8078.2
10/23/2019,7514.67
10/24/2019,7493.49
10/25/2019,8660.7
10/26/2019,9244.97
10/27/2019,9551.71
10/28/2019,9256.15
10/29/2019,9427.69
10/30/2019,9205.73
10/31/2019,9199.58
11/1/2019,9261.1
11/2/2019,9324.72
11/3/2019,9235.35
11/4/2019,9412.61
11/5/2019,9342.53
11/6/2019,9360.88
11/7/2019,9267.56
11/8/2019,8804.88
11/9/2019,8813.58
11/10/2019,9055.53
11/11/2019,8757.79
11/12/2019,8815.66
11/13/2019,8808.26
11/14/2019,8708.1
11/15/2019,8491.99
11/16/2019,8550.76
11/17/2019,8577.98
11/18/2019,8309.29
11/19/2019,8206.15
11/20/2019,8027.27
11/21/2019,7642.75
11/22/2019,7296.58
11/23/2019,7397.8
11/24/2019,7047.92
11/25/2019,7146.13
11/26/2019,7218.37
11/27/2019,7531.66
11/28/2019,7463.11
11/29/2019,7761.24
11/30/2019,7569.63
12/1/2019,7424.29
12/2/2019,7321.99
12/3/2019,7320.15
12/4/2019,7252.03
12/5/2019,7448.31
12/6/2019,7547
12/7/2019,7556.24
12/8/2019,7564.35
12/9/2019,7400.9
12/10/2019,7278.12
12/11/2019,7217.43
12/12/2019,7243.13
12/13/2019,7269.68
12/14/2019,7124.67
12/15/2019,7152.3
12/16/2019,6932.48
12/17/2019,6640.52
12/18/2019,7276.8
12/19/2019,7202.84
12/20/2019,7218.82
12/21/2019,7191.16
12/22/2019,7511.59
12/23/2019,7355.63
12/24/2019,7322.53
12/25/2019,7275.16
12/26/2019,7238.97
12/27/2019,7290.09
12/28/2019,7317.99
12/29/2019,7422.65
12/30/2019,7293
12/31/2019,7193.6
1/1/2020,7200.17
1/2/2020,6985.47
1/3/2020,7344.88
1/4/2020,7410.66
1/5/2020,7411.32
1/6/2020,7769.22
1/7/2020,8163.69
1/8/2020,8079.86
1/9/2020,7879.07
1/10/2020,8166.55
1/11/2020,8037.54
1/12/2020,8192.49
1/13/2020,8144.19
1/14/2020,8827.76
1/15/2020,8807.01
1/16/2020,8723.79
1/17/2020,8929.04
1/18/2020,8942.81
1/19/2020,8706.25
1/20/2020,8657.64
1/21/2020,8745.89
1/22/2020,8680.88
1/23/2020,8406.52
1/24/2020,8445.43
1/25/2020,8367.85
1/26/2020,8596.83
1/27/2020,8909.82
1/28/2020,9358.59
1/29/2020,9316.63
1/30/2020,9508.99
1/31/2020,9350.53
2/1/2020,9392.88
2/2/2020,9344.37
2/3/2020,9293.52
2/4/2020,9180.96
2/5/2020,9613.42
2/6/2020,9729.8
2/7/2020,9795.94
2/8/2020,9865.12
2/9/2020,10116.67
2/10/2020,9856.61
2/11/2020,10208.24
2/12/2020,10326.05
2/13/2020,10214.38
2/14/2020,10312.12
2/15/2020,9889.42
2/16/2020,9934.43
2/17/2020,9690.14
2/18/2020,10142
2/19/2020,9633.39
2/20/2020,9608.48
2/21/2020,9686.44
2/22/2020,9663.18
2/23/2020,9924.52
2/24/2020,9650.17
2/25/2020,9341.71
2/26/2020,8820.52
2/27/2020,8784.49
2/28/2020,8672.46
2/29/2020,8599.51
3/1/2020,8562.45
3/2/2020,8869.67
3/3/2020,8787.79
3/4/2020,8755.25
3/5/2020,9078.76
3/6/2020,9122.55
3/7/2020,8909.95
3/8/2020,8108.12
3/9/2020,7923.64
3/10/2020,7909.73
3/11/2020,7911.43
3/12/2020,4970.79
3/13/2020,5563.71
3/14/2020,5200.37
3/15/2020,5392.31
3/16/2020,5014.48
3/17/2020,5225.63
3/18/2020,5238.44
3/19/2020,6191.19
3/20/2020,6198.78
3/21/2020,6185.07
3/22/2020,5830.25
3/23/2020,6416.31
3/24/2020,6734.8
3/25/2020,6681.06
3/26/2020,6716.44
3/27/2020,6469.8
3/28/2020,6242.19
3/29/2020,5922.04
3/30/2020,6429.84
3/31/2020,6438.64
4/1/2020,6606.78
4/2/2020,6793.62
4/3/2020,6733.39
4/4/2020,6867.53
4/5/2020,6791.13
4/6/2020,7271.78
4/7/2020,7176.41
4/8/2020,7334.1
4/9/2020,7302.09
4/10/2020,6865.49
4/11/2020,6859.08
4/12/2020,6971.09
4/13/2020,6845.04
4/14/2020,6842.43
4/15/2020,6642.11
4/16/2020,7116.8
4/17/2020,7096.18
4/18/2020,7257.66
4/19/2020,7189.42
4/20/2020,6881.96
4/21/2020,6880.32
4/22/2020,7117.21
4/23/2020,7429.72
4/24/2020,7550.9
4/25/2020,7569.94
4/26/2020,7679.87
4/27/2020,7795.6
4/28/2020,7807.06
4/29/2020,8801.04
4/30/2020,8658.55
5/1/2020,8864.77
5/2/2020,8988.6
5/3/2020,8897.47
5/4/2020,8912.65
5/5/2020,9003.07
5/6/2020,9268.76
5/7/2020,9951.52
5/8/2020,9842.67
5/9/2020,9593.9
5/10/2020,8756.43
5/11/2020,8601.8
5/12/2020,8804.48
5/13/2020,9269.99
5/14/2020,9733.72
5/15/2020,9328.2
5/16/2020,9377.01
5/17/2020,9670.74
5/18/2020,9726.57
5/19/2020,9729.04
5/20/2020,9522.98
5/21/2020,9081.76
5/22/2020,9182.58
5/23/2020,9209.29
5/24/2020,8790.37
5/25/2020,8906.93
5/26/2020,8835.05
5/27/2020,9181.02
5/28/2020,9525.75
5/29/2020,9439.12
5/30/2020,9700.41
5/31/2020,9461.06
6/1/2020,10167.27
6/2/2020,9529.8
6/3/2020,9656.72
6/4/2020,9800.64
6/5/2020,9665.53
6/6/2020,9653.68
6/7/2020,9758.85
6/8/2020,9771.49
6/9/2020,9795.7
6/10/2020,9870.09
6/11/2020,9321.78
6/12/2020,9480.84
6/13/2020,9475.28
6/14/2020,9386.79
6/15/2020,9450.7
6/16/2020,9538.02
6/17/2020,9480.26
6/18/2020,9411.84
6/19/2020,9288.02
6/20/2020,9332.34
6/21/2020,9303.63
6/22/2020,9648.72
6/23/2020,9629.66
6/24/2020,9313.61
6/25/2020,9264.81
6/26/2020,9162.92
6/27/2020,9045.39
6/28/2020,9143.58
6/29/2020,9190.85
6/30/2020,9137.99
7/1/2020,9228.33
7/2/2020,9123.41
7/3/2020,9087.3
7/4/2020,9132.49
7/5/2020,9073.94
7/6/2020,9375.47
7/7/2020,9252.28
7/8/2020,9428.33
7/9/2020,9277.97
7/10/2020,9278.81
7/11/2020,9240.35
7/12/2020,9276.5
7/13/2020,9243.61
7/14/2020,9243.21
7/15/2020,9192.84
7/16/2020,9132.23
7/17/2020,9151.39
7/18/2020,9159.04
7/19/2020,9185.82
7/20/2020,9164.23
7/21/2020,9374.89
7/22/2020,9525.36
7/23/2020,9581.07
7/24/2020,9536.89
7/25/2020,9677.11
7/26/2020,9905.17
7/27/2020,10990.87
7/28/2020,10912.82
7/29/2020,11100.47
7/30/2020,11111.21
7/31/2020,11323.47
8/1/2020,11759.59
8/2/2020,11053.61
8/3/2020,11246.35
8/4/2020,11205.89
8/5/2020,11747.02
8/6/2020,11779.77
8/7/2020,11601.47
8/8/2020,11754.05
8/9/2020,11675.74
8/10/2020,11878.11
8/11/2020,11410.53
8/12/2020,11584.93
8/13/2020,11784.14
8/14/2020,11768.87
8/15/2020,11865.7
8/16/2020,11892.8
8/17/2020,12254.4
8/18/2020,11991.23
8/19/2020,11758.28
8/20/2020,11878.37
8/21/2020,11592.49
8/22/2020,11681.83
8/23/2020,11664.85
8/24/2020,11774.6
8/25/2020,11366.14
8/26/2020,11488.36
8/27/2020,11323.4
8/28/2020,11542.5
8/29/2020,11506.87
8/30/2020,11711.51
8/31/2020,11680.82
9/1/2020,11970.48
9/2/2020,11414.03
9/3/2020,10245.3
9/4/2020,10511.81
9/5/2020,10169.57
9/6/2020,10280.35
9/7/2020,10369.56
9/8/2020,10131.52
9/9/2020,10242.35
9/10/2020,10363.14
9/11/2020,10400.91
9/12/2020,10442.17
9/13/2020,10323.76
9/14/2020,10680.84
9/15/2020,10796.95
9/16/2020,10974.9
9/17/2020,10948.99
9/18/2020,10944.59
9/19/2020,11094.35
9/20/2020,10938.27
9/21/2020,10462.26
9/22/2020,10538.46
9/23/2020,10246.19
9/24/2020,10760.07
9/25/2020,10692.72
9/26/2020,10750.72
9/27/2020,10775.27
9/28/2020,10709.65
9/29/2020,10844.64
9/30/2020,10784.49
10/1/2020,10619.45
10/2/2020,10575.98
10/3/2020,10549.33
10/4/2020,10669.58
10/5/2020,10793.34
10/6/2020,10604.41
10/7/2020,10668.97
10/8/2020,10915.69
10/9/2020,11064.46
10/10/2020,11296.36
10/11/2020,11384.18
10/12/2020,11555.36
10/13/2020,11425.9
10/14/2020,11429.51
10/15/2020,11495.35
10/16/2020,11322.12
10/17/2020,11358.1
10/18/2020,11483.36
10/19/2020,11742.04
10/20/2020,11916.34
10/21/2020,12823.69
10/22/2020,12965.89
10/23/2020,12931.54
10/24/2020,13108.06
10/25/2020,13031.17
10/26/2020,13075.25
10/27/2020,13654.22
10/28/2020,13271.29
10/29/2020,13437.88
10/30/2020,13546.52
10/31/2020,13780.99
11/1/2020,13737.11
11/2/2020,13550.49
11/3/2020,13950.3
11/4/2020,14133.71
11/5/2020,15579.85
11/6/2020,15565.88
11/7/2020,14833.75
11/8/2020,15479.57
11/9/2020,15332.32
11/10/2020,15290.9
11/11/2020,15701.34
11/12/2020,16276.34
11/13/2020,16317.81
11/14/2020,16068.14
11/15/2020,15955.59
11/16/2020,16716.11
11/17/2020,17645.41
11/18/2020,17804.01
11/19/2020,17817.09
11/20/2020,18621.31
11/21/2020,18642.23
11/22/2020,18370
11/23/2020,18364.12
11/24/2020,19107.46
11/25/2020,18732.12
11/26/2020,17150.62
11/27/2020,17108.4
11/28/2020,17717.42
11/29/2020,18177.48
11/30/2020,19625.84
12/1/2020,18803
12/2/2020,19201.09
12/3/2020,19445.4
12/4/2020,18699.77
12/5/2020,19154.23
12/6/2020,19345.12
12/7/2020,19191.63
12/8/2020,18321.14
12/9/2020,18553.92
12/10/2020,18264.99
12/11/2020,18058.9
12/12/2020,18803.66
12/13/2020,19142.38
12/14/2020,19246.64
12/15/2020,19417.08
12/16/2020,21310.6
12/17/2020,22805.16
12/18/2020,23137.96
12/19/2020,23869.83
12/20/2020,23477.3
12/21/2020,22803.08
12/22/2020,23783.03
12/23/2020,23241.34
12/24/2020,23735.95
12/25/2020,24664.79
12/26/2020,26437.04
12/27/2020,26272.29
12/28/2020,27084.81
12/29/2020,27362.44
12/30/2020,28840.95
12/31/2020,29001.72
1/1/2021,29374.15
1/2/2021,32127.27
1/3/2021,32782.02
1/4/2021,31971.91
1/5/2021,33992.43
1/6/2021,36824.36
1/7/2021,39371.04
1/8/2021,40797.61
1/9/2021,40254.55
1/10/2021,38356.44
1/11/2021,35566.66
1/12/2021,33922.96
1/13/2021,37316.36
1/14/2021,39187.33
1/15/2021,36825.37
1/16/2021,36178.14
1/17/2021,35791.28
1/18/2021,36630.08
1/19/2021,36069.81
1/20/2021,35547.75
1/21/2021,30825.7
1/22/2021,33005.76
1/23/2021,32067.64
1/24/2021,32289.38
1/25/2021,32366.39
1/26/2021,32569.85
1/27/2021,30432.55
1/28/2021,33466.1
1/29/2021,34316.39
1/30/2021,34269.52
1/31/2021,33114.36
2/1/2021,33537.18
2/2/2021,35510.29
2/3/2021,37472.09
2/4/2021,36926.06
2/5/2021,38144.31
2/6/2021,39266.01
2/7/2021,38903.44
2/8/2021,46196.46
2/9/2021,46481.1
2/10/2021,44918.18
2/11/2021,47909.33
2/12/2021,47504.85
2/13/2021,47105.52
2/14/2021,48717.29
2/15/2021,47945.06
2/16/2021,49199.87
2/17/2021,52149.01
2/18/2021,51679.8
2/19/2021,55888.13
2/20/2021,56099.52
2/21/2021,57539.94
2/22/2021,54207.32
2/23/2021,48824.43
2/24/2021,49705.33
2/25/2021,47093.85
2/26/2021,46339.76
2/27/2021,46188.45
2/28/2021,45137.77
3/1/2021,49631.24
3/2/2021,48378.99
3/3/2021,50538.24
3/4/2021,48561.17
3/5/2021,48927.3
3/6/2021,48912.38
3/7/2021,51206.69
3/8/2021,52246.52
3/9/2021,54824.12
3/10/2021,56008.55
3/11/2021,57805.12
3/12/2021,57332.09
3/13/2021,61243.08
3/14/2021,59302.32
3/15/2021,55907.2
3/16/2021,56804.9
3/17/2021,58870.89
3/18/2021,57858.92
3/19/2021,58346.65
3/20/2021,58313.64
3/21/2021,57523.42
3/22/2021,54529.15
3/23/2021,54738.94
3/24/2021,52774.26
3/25/2021,51704.16
3/26/2021,55137.31
3/27/2021,55973.51
3/28/2021,55950.75
3/29/2021,57750.2
3/30/2021,58917.69
3/31/2021,58918.83
4/1/2021,59095.81
4/2/2021,59384.31
4/3/2021,57603.89
4/4/2021,58758.56
4/5/2021,59057.88
4/6/2021,58192.36
4/7/2021,56048.94
4/8/2021,58323.95
4/9/2021,58245
4/10/2021,59793.24
4/11/2021,60204.96
4/12/2021,59893.45
4/13/2021,63503.46
4/14/2021,63109.7
4/15/2021,63314.01
4/16/2021,61572.79
4/17/2021,60683.82
4/18/2021,56216.19
4/19/2021,55724.27
4/20/2021,56473.03
4/21/2021,53906.09
4/22/2021,51762.27
4/23/2021,51093.65
4/24/2021,50050.87
4/25/2021,49004.25
4/26/2021,54021.75
4/27/2021,55033.12
4/28/2021,54824.7
4/29/2021,53555.11
4/30/2021,57750.18
5/1/2021,57828.05
5/2/2021,56631.08
5/3/2021,57200.29
5/4/2021,53333.54
5/5/2021,57424.01
5/6/2021,56396.51
5/7/2021,57356.4
5/8/2021,58803.78
5/9/2021,58232.32
5/10/2021,55859.8
5/11/2021,56704.57
5/12/2021,49150.53
5/13/2021,49716.19
5/14/2021,49880.53
5/15/2021,46760.19
5/16/2021,46456.06
5/17/2021,43537.51
5/18/2021,42909.4
5/19/2021,37002.44
5/20/2021,40782.74
5/21/2021,37304.69
5/22/2021,37536.63
5/23/2021,34770.58
5/24/2021,38705.98
5/25/2021,38402.22
5/26/2021,39294.2
5/27/2021,38436.97
5/28/2021,35697.61
5/29/2021,34616.07
5/30/2021,35678.13
5/31/2021,37332.85
6/1/2021,36684.92
6/2/2021,37575.18
6/3/2021,39208.77
6/4/2021,36894.41
6/5/2021,35551.96
6/6/2021,35862.38
6/7/2021,33560.71
6/8/2021,33472.63
6/9/2021,37345.12
6/10/2021,36702.6
6/11/2021,37334.4
6/12/2021,35552.52
6/13/2021,39097.86
6/14/2021,40218.48
6/15/2021,40406.27
6/16/2021,38347.06
6/17/2021,38053.5
6/18/2021,35787.24
6/19/2021,35615.87
6/20/2021,35698.3
6/21/2021,31676.69
6/22/2021,32505.66
6/23/2021,33723.03
6/24/2021,34662.44
6/25/2021,31637.78
6/26/2021,32186.28
6/27/2021,34649.64
6/28/2021,34434.34
6/29/2021,35867.78
6/30/2021,35040.84
7/1/2021,33572.12
7/2/2021,33897.05
7/3/2021,34668.55
7/4/2021,35287.78
7/5/2021,33746
7/6/2021,34235.19
7/7/2021,33855.33
7/8/2021,32877.37
7/9/2021,33798.01
7/10/2021,33520.52
7/11/2021,34240.19
7/12/2021,33155.85
7/13/2021,32702.03
7/14/2021,32822.35
7/15/2021,31780.73
7/16/2021,31421.54
7/17/2021,31533.07
7/18/2021,31796.81
7/19/2021,30817.83
7/20/2021,29807.35
7/21/2021,32110.69
7/22/2021,32313.11
7/23/2021,33581.55
7/24/2021,34292.45
7/25/2021,35350.19
7/26/2021,37337.53
7/27/2021,39406.94
7/28/2021,39995.91
7/29/2021,40008.42
7/30/2021,42235.55
7/31/2021,41626.2
8/1/2021,39974.9
8/2/2021,39201.95
8/3/2021,38152.98
8/4/2021,39747.51
8/5/2021,40869.55
8/6/2021,42816.5
8/7/2021,44555.8
8/8/2021,43798.12
8/9/2021,46365.4
8/10/2021,45585.03
8/11/2021,45593.64
8/12/2021,44428.29
8/13/2021,47793.32
8/14/2021,47096.95
8/15/2021,47047
8/16/2021,46004.48
8/17/2021,44695.36
8/18/2021,44801.19
8/19/2021,46717.58
8/20/2021,49339.18
8/21/2021,48905.49
8/22/2021,49321.65
8/23/2021,49546.15
8/24/2021,47706.12
8/25/2021,48960.79
8/26/2021,46942.22
8/27/2021,49058.67
8/28/2021,48902.4
8/29/2021,48829.83
8/30/2021,47054.98
8/31/2021,47166.69
9/1/2021,48847.03
9/2/2021,49327.72
9/3/2021,50025.37
9/4/2021,49944.63
9/5/2021,51753.41
9/6/2021,52633.54
9/7/2021,46811.13
9/8/2021,46091.39
9/9/2021,46391.42
9/10/2021,44883.91
9/11/2021,45201.46
9/12/2021,46063.27
9/13/2021,44963.07
9/14/2021,47092.49
9/15/2021,48176.35
9/16/2021,47783.36
9/17/2021,47267.52
9/18/2021,48278.36
9/19/2021,47260.22
9/20/2021,42843.8
9/21/2021,40693.68
9/22/2021,43574.51
9/23/2021,44895.1
9/24/2021,42839.75
9/25/2021,42716.59
9/26/2021,43208.54
9/27/2021,42235.73
9/28/2021,41034.54
9/29/2021,41564.36
9/30/2021,43790.9
10/1/2021,48116.94
10/2/2021,47711.49
10/3/2021,48199.95
10/4/2021,49112.9
10/5/2021,51514.81
10/6/2021,55361.45
10/7/2021,53805.99
10/8/2021,53967.85
10/9/2021,54968.22
10/10/2021,54771.58
10/11/2021,57484.79
10/12/2021,56041.06
10/13/2021,57401.1
10/14/2021,57321.53
10/15/2021,61593.95
10/16/2021,60892.18
10/17/2021,61553.62
10/18/2021,62026.08
10/19/2021,64261.99
10/20/2021,65992.84
10/21/2021,62210.17
10/22/2021,60692.26
10/23/2021,61393.62
10/24/2021,60930.84
10/25/2021,63039.83
10/26/2021,60363.79
10/27/2021,58482.39
10/28/2021,60622.14
10/29/2021,62227.96
10/30/2021,61888.83
10/31/2021,61318.96
11/1/2021,61004.41
11/2/2021,63226.4
11/3/2021,62970.05
11/4/2021,61452.23
11/5/2021,61125.67
11/6/2021,61527.48
11/7/2021,63326.99
11/8/2021,67566.83
11/9/2021,66971.83
11/10/2021,64995.23
11/11/2021,64949.96
11/12/2021,64155.94
11/13/2021,64469.53
11/14/2021,65466.84
11/15/2021,63557.87
11/16/2021,60161.25
11/17/2021,60368.01
11/18/2021,56942.14
11/19/2021,58119.58
11/20/2021,59697.2
11/21/2021,58730.48
11/22/2021,56289.29
11/23/2021,57569.07
11/24/2021,56280.43
11/25/2021,57274.68
11/26/2021,53569.76
11/27/2021,54815.08
11/28/2021,57248.46
11/29/2021,57806.57
11/30/2021,57005.43
12/1/2021,57229.83
12/2/2021,56477.82
12/3/2021,53598.25
12/4/2021,49200.7
12/5/2021,49368.85
12/6/2021,50582.63
12/7/2021,50700.08
12/8/2021,50504.8
12/9/2021,47672.12
12/10/2021,47243.31
12/11/2021,49362.51
12/12/2021,50098.34
12/13/2021,46737.48
12/14/2021,46612.63
12/15/2021,48896.72
12/16/2021,47665.43
12/17/2021,46202.14
12/18/2021,46848.78
12/19/2021,46707.01
12/20/2021,46880.28
12/21/2021,48936.61
12/22/2021,48628.51
12/23/2021,50784.54
12/24/2021,50822.2
12/25/2021,50429.86
12/26/2021,50809.52
12/27/2021,50640.42
12/28/2021,47588.85
12/29/2021,46444.71
12/30/2021,47178.13
12/31/2021,46306.45
1/1/2022,47686.81
1/2/2022,47345.22
1/3/2022,46458.12
1/4/2022,45897.58
1/5/2022,43569
1/6/2022,43160.93
1/7/2022,41557.9
1/8/2022,41733.94
1/9/2022,41911.6
1/10/2022,41821.26
1/11/2022,42735.85
1/12/2022,43949.1
1/13/2022,42591.57
1/14/2022,43099.7
1/15/2022,43177.4
1/16/2022,43113.88
1/17/2022,42250.55
1/18/2022,42375.63
1/19/2022,41744.33
1/20/2022,40680.42
1/21/2022,36457.32
1/22/2022,35030.25
1/23/2022,36276.8
1/24/2022,36654.33
1/25/2022,36954
1/26/2022,36852.12
1/27/2022,37138.23
1/28/2022,37784.33
1/29/2022,38138.18
1/30/2022,37917.6
1/31/2022,38483.13
2/1/2022,38743.27
2/2/2022,36952.98
2/3/2022,37154.6
2/4/2022,41500.88
2/5/2022,41441.16
2/6/2022,42412.43
2/7/2022,43840.29
2/8/2022,44118.45
2/9/2022,44338.8
2/10/2022,43565.11
2/11/2022,42407.94
2/12/2022,42244.47
2/13/2022,42197.52
2/14/2022,42586.92
2/15/2022,44575.2
2/16/2022,43961.86
2/17/2022,40538.01
2/18/2022,40030.98
2/19/2022,40122.15
2/20/2022,38431.38
2/21/2022,37075.28
2/22/2022,38286.03
2/23/2022,37296.57
2/24/2022,38332.61
2/25/2022,39214.22
2/26/2022,39105.15
2/27/2022,37709.78
2/28/2022,43193.23
3/1/2022,44354.64
3/2/2022,43924.12
3/3/2022,42451.79
3/4/2022,39137.6
3/5/2022,39400.58
3/6/2022,38419.98
3/7/2022,38062.04
3/8/2022,38737.27
3/9/2022,41982.93
3/10/2022,39437.46
3/11/2022,38794.97
3/12/2022,38904.01
3/13/2022,37849.66
3/14/2022,39666.76
3/15/2022,39338.79
3/16/2022,41143.93
3/17/2022,40951.38
3/18/2022,41801.15
3/19/2022,42190.65
3/20/2022,41247.82
3/21/2022,41078
3/22/2022,42358.81
3/23/2022,42892.96
3/24/2022,43960.93
3/25/2022,44348.73
3/26/2022,44500.83
3/27/2022,46820.49
3/28/2022,47128.01
3/29/2022,47465.73
3/30/2022,47062.66
3/31/2022,45538.68
4/1/2022,46281.64
4/2/2022,45868.95
4/3/2022,46453.57
4/4/2022,46622.67
4/5/2022,45555.99
4/6/2022,43206.74
4/7/2022,43503.85
4/8/2022,42287.66
4/9/2022,42782.14
4/10/2022,42207.67
4/11/2022,39521.9
4/12/2022,40127.18
4/13/2022,41166.73
4/14/2022,39935.52
4/15/2022,40553.46
4/16/2022,40424.48
4/17/2022,39716.95
4/18/2022,40826.21
4/19/2022,41502.75
4/20/2022,41374.38
4/21/2022,40527.36
4/22/2022,39740.32
4/23/2022,39486.73
4/24/2022,39469.29
4/25/2022,40458.31
4/26/2022,38117.46
4/27/2022,39241.12
4/28/2022,39773.83
4/29/2022,38609.82
4/30/2022,37714.88
5/1/2022,38469.09
5/2/2022,38529.33
5/3/2022,37750.45
5/4/2022,39698.37
5/5/2022,36575.14
5/6/2022,36040.92
5/7/2022,35501.95
5/8/2022,34059.26
5/9/2022,30296.95
5/10/2022,31022.91
5/11/2022,28936.36
5/12/2022,29047.75
5/13/2022,29283.1
5/14/2022,30101.27
5/15/2022,31305.11
5/16/2022,29862.92
5/17/2022,30425.86
5/18/2022,28720.27
5/19/2022,30314.33
5/20/2022,29200.74
5/21/2022,29432.23
5/22/2022,30323.72
5/23/2022,29098.91
5/24/2022,29655.59
5/25/2022,29562.36
5/26/2022,29267.22
5/27/2022,28627.57
5/28/2022,29023.49
5/29/2022,29445.96
5/30/2022,31726.39
5/31/2022,31792.31
6/1/2022,29799.08
6/2/2022,30467.49
6/3/2022,29704.39
6/4/2022,29832.91
6/5/2022,29906.66
6/6/2022,31370.67
6/7/2022,31155.48
6/8/2022,30214.36
6/9/2022,30112
6/10/2022,29083.8
6/11/2022,28360.81
6/12/2022,26762.65
6/13/2022,22487.39
6/14/2022,22206.79
6/15/2022,22572.84
6/16/2022,20381.65
6/17/2022,20471.48
6/18/2022,19017.64
6/19/2022,20553.27
6/20/2022,20599.54
6/21/2022,20710.6
6/22/2022,19987.03
6/23/2022,21085.88
6/24/2022,21231.66
6/25/2022,21502.34
6/26/2022,21027.3
6/27/2022,20735.48
6/28/2022,20280.64
6/29/2022,20104.02
6/30/2022,19784.73
7/1/2022,19269.37
7/2/2022,19242.26
7/3/2022,19297.08
7/4/2022,20231.26
7/5/2022,20190.11
7/6/2022,20548.25
7/7/2022,21637.59
7/8/2022,21731.12
7/9/2022,21592.21
7/10/2022,20860.45
7/11/2022,19970.56
7/12/2022,19323.91
7/13/2022,20212.07
7/14/2022,20569.92
7/15/2022,20836.33
7/16/2022,21190.32
7/17/2022,20779.34
7/18/2022,22485.69
7/19/2022,23389.43
7/20/2022,23231.73
7/21/2022,23164.63
7/22/2022,22714.98
7/23/2022,22465.48
7/24/2022,22609.16
7/25/2022,21361.7
7/26/2022,21239.75
7/27/2022,22930.55
7/28/2022,23843.89
7/29/2022,23804.63
7/30/2022,23656.21
7/31/2022,23336.9
8/1/2022,23314.2
8/2/2022,22978.12
8/3/2022,22846.51
8/4/2022,22630.96
8/5/2022,23289.31
8/6/2022,22961.28
8/7/2022,23175.89
8/8/2022,23809.49
8/9/2022,23164.32
8/10/2022,23947.64
8/11/2022,23957.53
8/12/2022,24402.82
8/13/2022,24424.07
8/14/2022,24319.33
8/15/2022,24136.97
8/16/2022,23883.29
8/17/2022,23336
8/18/2022,23212.74
8/19/2022,20877.55
8/20/2022,21166.06
8/21/2022,21534.12
8/22/2022,21398.91
8/23/2022,21528.09
8/24/2022,21395.02
8/25/2022,21600.91
8/26/2022,20260.02
8/27/2022,20041.74
8/28/2022,19616.81
8/29/2022,20297.99
8/30/2022,19796.81
8/31/2022,20049.76
9/1/2022,20127.14
9/2/2022,19969.77
9/3/2022,19832.09
9/4/2022,19986.71
9/5/2022,19812.37
9/6/2022,18837.67
9/7/2022,19290.32
9/8/2022,19329.83
9/9/2022,21381.15
9/10/2022,21680.54
9/11/2022,21769.26
9/12/2022,22370.45
9/13/2022,20296.71
9/14/2022,20241.09
9/15/2022,19701.21
9/16/2022,19772.58
9/17/2022,20127.58
9/18/2022,19419.51
9/19/2022,19544.13
9/20/2022,18890.79
9/21/2022,18547.4
9/22/2022,19413.55
9/23/2022,19297.64
9/24/2022,18937.01
9/25/2022,18802.1
9/26/2022,19222.67
9/27/2022,19110.55
9/28/2022,19426.72
9/29/2022,19573.05
9/30/2022,19431.79
10/1/2022,19312.09
10/2/2022,19044.11
10/3/2022,19623.58
10/4/2022,20336.84
10/5/2022,20160.72
10/6/2022,19955.44
10/7/2022,19546.85
10/8/2022,19416.57
10/9/2022,19446.43
10/10/2022,19141.48
10/11/2022,19051.42
10/12/2022,19157.45
10/13/2022,19382.9
10/14/2022,19185.66
10/15/2022,19067.64
10/16/2022,19268.09
10/17/2022,19550.76
10/18/2022,19334.42
10/19/2022,19139.53
10/20/2022,19053.74
10/21/2022,19172.47
10/22/2022,19208.19
10/23/2022,19567.01
10/24/2022,19345.57
10/25/2022,20095.86
10/26/2022,20770.44
10/27/2022,20285.84
10/28/2022,20595.35
10/29/2022,20818.48
10/30/2022,20635.6
10/31/2022,20495.77
11/1/2022,20485.27
11/2/2022,20159.5
11/3/2022,20209.99
11/4/2022,21147.23
11/5/2022,21282.69
11/6/2022,20926.49
11/7/2022,20602.82
11/8/2022,18541.27
11/9/2022,15880.78
11/10/2022,17586.77
11/11/2022,17034.29
11/12/2022,16799.18
11/13/2022,16353.37
11/14/2022,16618.2
11/15/2022,16884.61
11/16/2022,16669.44
11/17/2022,16687.52
11/18/2022,16697.78
11/19/2022,16711.55
11/20/2022,16291.83
11/21/2022,15787.28
11/22/2022,16189.77
11/23/2022,16610.71
11/24/2022,16604.47
11/25/2022,16521.84
11/26/2022,16464.28
11/27/2022,16444.63
11/28/2022,16217.32
11/29/2022,16444.98
11/30/2022,17168.57
12/1/2022,16967.13
12/2/2022,17088.66
12/3/2022,16908.24
12/4/2022,17130.49
12/5/2022,16974.83
12/6/2022,17089.5
12/7/2022,16848.13
12/8/2022,17233.47
12/9/2022,17133.15
12/10/2022,17128.72
12/11/2022,17104.19
12/12/2022,17206.44
12/13/2022,17781.32
12/14/2022,17652.1
12/15/2022,17364.86
12/16/2022,16647.48
12/17/2022,16795.09
12/18/2022,16757.98
12/19/2022,16439.68
12/20/2022,16906.31
12/21/2022,16817.53
12/22/2022,16830.34
12/23/2022,16796.95
12/24/2022,16847.76
12/25/2022,16841.99
12/26/2022,16919.81
12/27/2022,16717.17
12/28/2022,16552.57
12/29/2022,16642.34
12/30/2022,16602.59
12/31/2022,16547.5
1/1/2023,16625.08
1/2/2023,16688.47
1/3/2023,16679.86
1/4/2023,16863.24
1/5/2023,16836.74
1/6/2023,16951.97
1/7/2023,16955.08
1/8/2023,17091.14
1/9/2023,17196.55
1/10/2023,17446.29
1/11/2023,17943.9
1/12/2023,18869.59
1/13/2023,19909.57
1/14/2023,20976.3
1/15/2023,20880.8
1/16/2023,21169.63
1/17/2023,21161.52
1/18/2023,20688.78
1/19/2023,21086.79
1/20/2023,22676.55
1/21/2023,22777.63
1/22/2023,22720.42
1/23/2023,22934.43
1/24/2023,22636.47
1/25/2023,23117.86
1/26/2023,23032.78
1/27/2023,23078.73
1/28/2023,23031.09
1/29/2023,23774.57
1/30/2023,22840.14
1/31/2023,23139.28
2/1/2023,23723.77
2/2/2023,23471.87
2/3/2023,23449.32
2/4/2023,23331.85
2/5/2023,22955.67
2/6/2023,22760.11
2/7/2023,23264.29
2/8/2023,22939.4
2/9/2023,21819.04
2/10/2023,21651.18
2/11/2023,21870.87
2/12/2023,21788.2
2/13/2023,21808.1
2/14/2023,22220.8
2/15/2023,24307.84
2/16/2023,23623.47
2/17/2023,24565.6
2/18/2023,24641.28
2/19/2023,24327.64
2/20/2023,24829.15
2/21/2023,24436.35
2/22/2023,24188.84
2/23/2023,23947.49
2/24/2023,23198.13
2/25/2023,23175.38
2/26/2023,23561.21
2/27/2023,23522.87
2/28/2023,23147.35
3/1/2023,23646.55
3/2/2023,23475.47
3/3/2023,22362.68
3/4/2023,22353.35
3/5/2023,22435.51
3/6/2023,22429.76
3/7/2023,22219.77
3/8/2023,21718.08
3/9/2023,20363.02
3/10/2023,20187.24
3/11/2023,20632.41
3/12/2023,22163.95
3/13/2023,24197.53
3/14/2023,24746.07
3/15/2023,24375.96
3/16/2023,25052.79
3/17/2023,27423.93
3/18/2023,26965.88
3/19/2023,28038.67
3/20/2023,27767.24
3/21/2023,28175.82
3/22/2023,27307.44
3/23/2023,28333.97
3/24/2023,27493.29
3/25/2023,27494.71
3/26/2023,27994.33
3/27/2023,27139.89
3/28/2023,27268.13
3/29/2023,28348.44
3/30/2023,28033.56
3/31/2023,28478.48
4/1/2023,28411.03
4/2/2023,28199.31
4/3/2023,27790.22
4/4/2023,28168.09
4/5/2023,28177.98
4/6/2023,28044.14
4/7/2023,27925.86
4/8/2023,27947.79
4/9/2023,28333.05
4/10/2023,29652.98
4/11/2023,30235.06
4/12/2023,30139.05
4/13/2023,30399.07
4/14/2023,30485.7
4/15/2023,30318.5
4/16/2023,30315.36
4/17/2023,29445.04
4/18/2023,30397.55
4/19/2023,28822.68
4/20/2023,28245.99
4/21/2023,27276.91
4/22/2023,27817.5
4/23/2023,27591.38
4/24/2023,27525.34
4/25/2023,28307.6
4/26/2023,28422.7
4/27/2023,29473.79
4/28/2023,29340.26
4/29/2023,29248.49
4/30/2023,29268.81
5/1/2023,28091.57
5/2/2023,28680.54
5/3/2023,29006.31
5/4/2023,28847.71
5/5/2023,29534.38
5/6/2023,28904.62
5/7/2023,28454.98
5/8/2023,27694.27
5/9/2023,27658.77
5/10/2023,27621.76
5/11/2023,27000.79
5/12/2023,26804.99
5/13/2023,26784.08
5/14/2023,26930.64
5/15/2023,27192.69
5/16/2023,27036.65
5/17/2023,27398.8
5/18/2023,26832.21
5/19/2023,26890.13
5/20/2023,27129.59
5/21/2023,26753.83
5/22/2023,26851.28
5/23/2023,27225.73
5/24/2023,26334.82
5/25/2023,26476.21
5/26/2023,26719.29
5/27/2023,26868.35
5/28/2023,28085.65
5/29/2023,27745.88
5/30/2023,27702.35
5/31/2023,27219.66
6/1/2023,26819.97
6/2/2023,27249.59
6/3/2023,27075.13
6/4/2023,27119.07
6/5/2023,25760.1
6/6/2023,27238.78
6/7/2023,26346
6/8/2023,26508.22
6/9/2023,26480.38
6/10/2023,25851.24
6/11/2023,25940.17
6/12/2023,25902.5
6/13/2023,25918.73
6/14/2023,25124.68
6/15/2023,25576.39
6/16/2023,26327.46
6/17/2023,26510.68
6/18/2023,26336.21
6/19/2023,26851.03
6/20/2023,28327.49
6/21/2023,30027.3
6/22/2023,29912.28
6/23/2023,30695.47
6/24/2023,30548.69
6/25/2023,30480.26
6/26/2023,30271.13
6/27/2023,30688.16
6/28/2023,30086.25
6/29/2023,30445.35
6/30/2023,30477.25
7/1/2023,30590.08
7/2/2023,30620.77
7/3/2023,31156.44
7/4/2023,30777.58
7/5/2023,30514.17
7/6/2023,29909.34
7/7/2023,30342.26
7/8/2023,30292.54
7/9/2023,30171.23
7/10/2023,30414.47
7/11/2023,30620.95
7/12/2023,30391.65
7/13/2023,31476.05
7/14/2023,30334.07
7/15/2023,30295.81
7/16/2023,30249.13
7/17/2023,30145.89
7/18/2023,29856.56
7/19/2023,29913.92
7/20/2023,29792.02
7/21/2023,29908.74
7/22/2023,29771.8
7/23/2023,30084.54
7/24/2023,29176.92
7/25/2023,29227.39
7/26/2023,29354.97
7/27/2023,29210.69
7/28/2023,29319.25
7/29/2023,29356.92
7/30/2023,29275.31
7/31/2023,29230.11
8/1/2023,29675.73
8/2/2023,29151.96
8/3/2023,29178.68
8/4/2023,29074.09
8/5/2023,29042.13
8/6/2023,29041.86
8/7/2023,29180.58
8/8/2023,29765.49
8/9/2023,29561.49
8/10/2023,29429.59
8/11/2023,29397.72
8/12/2023,29415.96
8/13/2023,29282.91
8/14/2023,29408.44
8/15/2023,29170.35
8/16/2023,28701.78
8/17/2023,26664.55
8/18/2023,26049.56
8/19/2023,26096.2
8/20/2023,26189.58
8/21/2023,26124.14
8/22/2023,26031.66
8/23/2023,26431.64
8/24/2023,26162.37
8/25/2023,26047.67
8/26/2023,26008.46
8/27/2023,26089.69
8/28/2023,26106.15
8/29/2023,27727.39
8/30/2023,27297.27
8/31/2023,25931.47
9/1/2023,25800.72
9/2/2023,25868.8
9/3/2023,25969.57
9/4/2023,25812.42
9/5/2023,25779.98
9/6/2023,25753.24
9/7/2023,26240.19
9/8/2023,25905.65
9/9/2023,25895.68
9/10/2023,25832.23
9/11/2023,25162.66
9/12/2023,25833.34
9/13/2023,26228.32
9/14/2023,26539.67
9/15/2023,26608.69
9/16/2023,26568.28
9/17/2023,26534.19
9/18/2023,26754.28
9/19/2023,27211.12
9/20/2023,27132.01
9/21/2023,26567.63
9/22/2023,26579.57
9/23/2023,26579.39
9/24/2023,26256.83
9/25/2023,26298.48
9/26/2023,26217.25
9/27/2023,26352.72
9/28/2023,27021.55
9/29/2023,26911.72
9/30/2023,26967.92
10/1/2023,27983.75
10/2/2023,27530.78
10/3/2023,27429.98
10/4/2023,27799.39
10/5/2023,27415.91
10/6/2023,27946.6
10/7/2023,27968.84
10/8/2023,27935.09
10/9/2023,27583.68
10/10/2023,27391.02
10/11/2023,26873.32
10/12/2023,26756.8
10/13/2023,26862.38
10/14/2023,26861.71
10/15/2023,27159.65
10/16/2023,28519.47
10/17/2023,28415.75
10/18/2023,28328.34
10/19/2023,28719.81
10/20/2023,29682.95
10/21/2023,29918.41
10/22/2023,29993.9
10/23/2023,33086.23
10/24/2023,33901.53
10/25/2023,34502.82
10/26/2023,34156.65
10/27/2023,33909.8
10/28/2023,34089.58
10/29/2023,34538.48
10/30/2023,34502.36
10/31/2023,34667.78
11/1/2023,35437.25
11/2/2023,34938.24
11/3/2023,34732.33
11/4/2023,35082.2
11/5/2023,35049.36
11/6/2023,35037.37
11/7/2023,35443.56
11/8/2023,35655.28
11/9/2023,36693.12
11/10/2023,37313.97
11/11/2023,37138.05
11/12/2023,37054.52
11/13/2023,36502.36
11/14/2023,35537.64
11/15/2023,37880.58
11/16/2023,36154.77
11/17/2023,36596.68
11/18/2023,36585.7
11/19/2023,37386.55
11/20/2023,37476.96
11/21/2023,35813.81
11/22/2023,37432.34
11/23/2023,37289.62
11/24/2023,37720.28
11/25/2023,37796.79
11/26/2023,37479.12
11/27/2023,37254.17
11/28/2023,37831.09
11/29/2023,37858.49
11/30/2023,37712.75
12/1/2023,38688.75
12/2/2023,39476.33
12/3/2023,39978.39
12/4/2023,41980.1
12/5/2023,44080.65
12/6/2023,43746.45
12/7/2023,43292.66
12/8/2023,44166.6
12/9/2023,43725.99
12/10/2023,43779.7
12/11/2023,41243.83
12/12/2023,41450.22
12/13/2023,42890.74
12/14/2023,43023.97
12/15/2023,41929.76
12/16/2023,42240.12
12/17/2023,41364.67
12/18/2023,42623.54
12/19/2023,42270.53
12/20/2023,43652.25
12/21/2023,43869.15
12/22/2023,43997.9
12/23/2023,43739.54
12/24/2023,43016.12
12/25/2023,43613.14
12/26/2023,42520.4
12/27/2023,43442.85
12/28/2023,42627.85
12/29/2023,42099.4
12/30/2023,42156.9
12/31/2023,42265.19
1/1/2024,44167.33
1/2/2024,44957.97
1/3/2024,42848.18
1/4/2024,44179.92
1/5/2024,44162.69
1/6/2024,43989.19
1/7/2024,43943.1
1/8/2024,46970.5
1/9/2024,46139.73
1/10/2024,46627.78
1/11/2024,46368.59
1/12/2024,42853.17
1/13/2024,42842.38
1/14/2024,41796.27
1/15/2024,42511.97
1/16/2024,43154.94
1/17/2024,42742.65
1/18/2024,41262.06
1/19/2024,41618.41
1/20/2024,41665.58
1/21/2024,41545.78
1/22/2024,39507.37
1/23/2024,39845.55
1/24/2024,40077.07
1/25/2024,39933.81
1/26/2024,41816.87
1/27/2024,42120.06
1/28/2024,42035.59
1/29/2024,43288.25
1/30/2024,42952.61
1/31/2024,42582.61
2/1/2024,43075.77
2/2/2024,43185.86
2/3/2024,42992.25
2/4/2024,42583.58
2/5/2024,42658.67
2/6/2024,43084.67
2/7/2024,44318.22
2/8/2024,45301.57
2/9/2024,47147.2
2/10/2024,47771.28
2/11/2024,48293.92
2/12/2024,49958.22
2/13/2024,49742.44
2/14/2024,51826.7
2/15/2024,51938.56
2/16/2024,52160.2
2/17/2024,51663
2/18/2024,52122.55
2/19/2024,51779.14
2/20/2024,52284.87
2/21/2024,51839.18
2/22/2024,51304.97
2/23/2024,50731.95
2/24/2024,51571.1
2/25/2024,51733.24
2/26/2024,54522.4
2/27/2024,57085.37
2/28/2024,62504.79
2/29/2024,61198.38
3/1/2024,62440.63
3/2/2024,62029.85
3/3/2024,63167.37
3/4/2024,68330.42
3/5/2024,63801.2
3/6/2024,66106.8
3/7/2024,66925.48
3/8/2024,68300.1
3/9/2024,68498.88
3/10/2024,69019.79
3/11/2024,72123.9
3/12/2024,71481.29
3/13/2024,73083.5
3/14/2024,71396.59
3/15/2024,69403.77
3/16/2024,65315.12
3/17/2024,68390.62
3/18/2024,67548.59
3/19/2024,61912.77
3/20/2024,67913.67
3/21/2024,65491.39
3/22/2024,63778.76
3/23/2024,64062.2
3/24/2024,67234.17
3/25/2024,69958.81
3/26/2024,69987.84
3/27/2024,69455.34
3/28/2024,70744.95
3/29/2024,69892.83
3/30/2024,69645.31
3/31/2024,71333.65
4/1/2024,69702.15
4/2/2024,65446.97
4/3/2024,65980.81
4/4/2024,68508.84
4/5/2024,67837.64
4/6/2024,68896.11
4/7/2024,69362.55
4/8/2024,71631.36
4/9/2024,69139.02
4/10/2024,70587.88
4/11/2024,70060.61
4/12/2024,67195.86
4/13/2024,63821.47
4/14/2024,65738.72
4/15/2024,63426.21
4/16/2024,63811.86
4/17/2024,61276.69
4/18/2024,63512.75
4/19/2024,63843.57
4/20/2024,64994.44
4/21/2024,64926.64
4/22/2024,66837.68
4/23/2024,66407.27
4/24/2024,64276.9
4/25/2024,64481.71
4/26/2024,63755.32
4/27/2024,63419.14
4/28/2024,63113.23
4/29/2024,63841.12
4/30/2024,60636.86
5/1/2024,58254.01
5/2/2024,59123.43
5/3/2024,62889.84
5/4/2024,63891.47
5/5/2024,64031.13
5/6/2024,63161.95
5/7/2024,62334.82
5/8/2024,61187.94
5/9/2024,63049.96
5/10/2024,60792.78
5/11/2024,60793.71
5/12/2024,61448.39
5/13/2024,62901.45
5/14/2024,61552.79
5/15/2024,66267.49
5/16/2024,65231.58
5/17/2024,67051.87
5/18/2024,66940.8
5/19/2024,66278.37
5/20/2024,71448.2
5/21/2024,70136.53
5/22/2024,69122.34
5/23/2024,67929.56
5/24/2024,68526.1
5/25/2024,69265.94
5/26/2024,68518.09
5/27/2024,69394.55
5/28/2024,68296.22
5/29/2024,67578.09
5/30/2024,68364.99
5/31/2024,67489.61
6/1/2024,67706.94
6/2/2024,67751.6
6/3/2024,68804.78
6/4/2024,70567.77
6/5/2024,71082.82
6/6/2024,70757.17
6/7/2024,69342.59
6/8/2024,69305.77
6/9/2024,69647.99
6/10/2024,69512.28
6/11/2024,67332.03
6/12/2024,68241.18
6/13/2024,66756.4
6/14/2024,66011.09
6/15/2024,66191
6/16/2024,66639.05
6/17/2024,66490.29
6/18/2024,65140.74
6/19/2024,64960.3
6/20/2024,64828.66
6/21/2024,64096.2
6/22/2024,64252.58
6/23/2024,63180.8
6/24/2024,60277.41
6/25/2024,61804.64
6/26/2024,60811.28
6/27/2024,61604.8
6/28/2024,60320.14
6/29/2024,60887.38
6/30/2024,62678.29
7/1/2024,62851.98
7/2/2024,62029.02
7/3/2024,60173.92
7/4/2024,56977.7
7/5/2024,56662.37
7/6/2024,58303.54
7/7/2024,55849.11
7/8/2024,56705.1
7/9/2024,58009.23
7/10/2024,57742.49
7/11/2024,57344.91
7/12/2024,57899.47
7/13/2024,59231.95
7/14/2024,60787.79
7/15/2024,64870.15
7/16/2024,65097.15
7/17/2024,64118.79
7/18/2024,63974.07
7/19/2024,66710.15
7/20/2024,67163.64
7/21/2024,68154.52
7/22/2024,67585.25
7/23/2024,65927.67
7/24/2024,65372.13
7/25/2024,65777.22
7/26/2024,67912.06
7/27/2024,67813.34
7/28/2024,68255.87
7/29/2024,66819.92
7/30/2024,66201.02
7/31/2024,64619.25
8/1/2024,65357.5
8/2/2024,61415.06
8/3/2024,60680.09
8/4/2024,58116.98
8/5/2024,53991.46
8/6/2024,56034.32
8/7/2024,55027.46
8/8/2024,61710.14
8/9/2024,60880.11
8/10/2024,60945.81
8/11/2024,58719.48
8/12/2024,59354.51
8/13/2024,60609.57
8/14/2024,58737.27
8/15/2024,57560.1
8/16/2024,58894.1
8/17/2024,59478.97
8/18/2024,58483.96
8/19/2024,59493.45
8/20/2024,59012.79
8/21/2024,61175.19
8/22/2024,60381.91
8/23/2024,64094.36
8/24/2024,64178.99
8/25/2024,64333.54
8/26/2024,62880.66
8/27/2024,59504.13
8/28/2024,59027.63
8/29/2024,59388.18
8/30/2024,59119.47
8/31/2024,58969.9
9/1/2024,57325.49
9/2/2024,59112.48
9/3/2024,57431.02
9/4/2024,57971.54
9/5/2024,56160.49
9/6/2024,53948.75
9/7/2024,54139.69
9/8/2024,54841.57
9/9/2024,57019.53
9/10/2024,57648.71
9/11/2024,57343.17
9/12/2024,58127.01
9/13/2024,60571.3
9/14/2024,60005.12
9/15/2024,59182.84
9/16/2024,58192.51
9/17/2024,60308.54
9/18/2024,61649.68
9/19/2024,62940.46
9/20/2024,63192.98
9/21/2024,63394.84
9/22/2024,63648.71
9/23/2024,63329.8
9/24/2024,64301.97
9/25/2024,63143.15
9/26/2024,65181.02
9/27/2024,65790.66
9/28/2024,65887.65
9/29/2024,65635.31
9/30/2024,63329.5
10/1/2024,60837.01
10/2/2024,60632.79
10/3/2024,60759.4
10/4/2024,62067.48
10/5/2024,62089.95
10/6/2024,62818.95
10/7/2024,62236.66
10/8/2024,62131.97
10/9/2024,60582.1
10/10/2024,60274.5
10/11/2024,62445.09
10/12/2024,63193.02
10/13/2024,62851.37
10/14/2024,66046.13
10/15/2024,67041.11
10/16/2024,67612.72
10/17/2024,67399.83
10/18/2024,68418.79
10/19/2024,68362.73
10/20/2024,69001.71
10/21/2024,67367.85
10/22/2024,67361.4
10/23/2024,66432.2
10/24/2024,68161.05
10/25/2024,66642.41
10/26/2024,67014.7
10/27/2024,67929.3
10/28/2024,69907.75
10/29/2024,72720.49
10/30/2024,72339.54
10/31/2024,70215.19
11/1/2024,69482.47
11/2/2024,69289.28
11/3/2024,68741.12
11/4/2024,67811.51
11/5/2024,69359.57
11/6/2024,75639.08
11/7/2024,75904.86
11/8/2024,76545.48
11/9/2024,76778.87
11/10/2024,80474.19
11/11/2024,88701.49
11/12/2024,87955.81
11/13/2024,90584.17
11/14/2024,87250.43
11/15/2024,91066.01
11/16/2024,90558.48
11/17/2024,89845.85
11/18/2024,90542.64
11/19/2024,92343.79
11/20/2024,94339.5
11/21/2024,98504.73
11/22/2024,98997.66
11/23/2024,97777.28
11/24/2024,98013.82
11/25/2024,93102.3
11/26/2024,91985.32
11/27/2024,95962.53
11/28/2024,95652.47
11/29/2024,97461.52
11/30/2024,96449.06
12/1/2024,97279.79
12/2/2024,95865.3
12/3/2024,96002.16
12/4/2024,98768.53
12/5/2024,96593.57
12/6/2024,99920.71
12/7/2024,99923.34
12/8/2024,101236.01
12/9/2024,97432.72
12/10/2024,96675.43
12/11/2024,101173.03
12/12/2024,100043
12/13/2024,101459.25
12/14/2024,101372.97
12/15/2024,104298.7
12/16/2024,106029.72
12/17/2024,106140.6
12/18/2024,100041.54
12/19/2024,97490.95
12/20/2024,97755.93
12/21/2024,97224.73
12/22/2024,95104.93
12/23/2024,94686.24
12/24/2024,98676.1
12/25/2024,99299.19
12/26/2024,95795.52
12/27/2024,94164.86
12/28/2024,95163.93
12/29/2024,93530.23
12/30/2024,92643.21
12/31/2024,93429.2
1/1/2025,94419.76
1/2/2025,96886.88
1/3/2025,98107.43
1/4/2025,98236.23
1/5/2025,98314.96
1/6/2025,102078.09
1/7/2025,96922.71
1/8/2025,95043.52
1/9/2025,92484.04
1/10/2025,94701.46
1/11/2025,94566.59
1/12/2025,94488.44
1/13/2025,94516.53
1/14/2025,96534.04
1/15/2025,100504.49
1/16/2025,99756.91
1/17/2025,104462.04
1/18/2025,104408.07
1/19/2025,101089.61
1/20/2025,102016.66
1/21/2025,106146.26
1/22/2025,103653.07
1/23/2025,103960.17
1/24/2025,104819.48
1/25/2025,104714.65
1/26/2025,102682.5
1/27/2025,102087.69
1/28/2025,101332.48
1/29/2025,103703.21
1/30/2025,104735.3
1/31/2025,102405.03
2/1/2025,100655.91
2/2/2025,97688.98
2/3/2025,101405.42
2/4/2025,97871.82
2/5/2025,96615.44
2/6/2025,96593.3
2/7/2025,96529.08
2/8/2025,96482.45
2/9/2025,96500.09
2/10/2025,97437.56
2/11/2025,95747.43
2/12/2025,97885.86
2/13/2025,96623.87
2/14/2025,97508.97
2/15/2025,97580.35
2/16/2025,96175.03
2/17/2025,95773.38
2/18/2025,95539.54
2/19/2025,96635.61
2/20/2025,98333.94
2/21/2025,96125.54
2/22/2025,96577.76
2/23/2025,96273.92
2/24/2025,91418.17
2/25/2025,88736.17
2/26/2025,84347.02
2/27/2025,84704.22
2/28/2025,84373.01
3/1/2025,86031.91
3/2/2025,94248.35
3/3/2025,86065.67
3/4/2025,87222.19
3/5/2025,90623.56
3/6/2025,89961.73
3/7/2025,86742.68
3/8/2025,86154.59
3/9/2025,80601.04
3/10/2025,78532
3/11/2025,82862.21
3/12/2025,83722.36
3/13/2025,81066.7
3/14/2025,83969.1
3/15/2025,84343.11
3/16/2025,82579.69
3/17/2025,84075.69
3/18/2025,82718.5
3/19/2025,86854.23
3/20/2025,84167.19
3/21/2025,84043.25
3/22/2025,83832.49
3/23/2025,86054.37
3/24/2025,87498.91
3/25/2025,87471.7
3/26/2025,86900.89
3/27/2025,87177.1
3/28/2025,84353.15
3/29/2025,82597.58
3/30/2025,82334.52
3/31/2025,82548.91
4/1/2025,85169.17
4/2/2025,82485.71
4/3/2025,83102.83
4/4/2025,83843.8
4/5/2025,83504.8
4/6/2025,78214.48
4/7/2025,79235.33
4/8/2025,76271.95
4/9/2025,82573.95
4/10/2025,79626.14
4/11/2025,83404.84
4/12/2025,85287.11
4/13/2025,83684.98
4/14/2025,84542.39
4/15/2025,83668.99
4/16/2025,84033.87
4/17/2025,84895.75
4/18/2025,84450.81
4/19/2025,85063.41
4/20/2025,85174.3
4/21/2025,87518.91
4/22/2025,93441.89
4/23/2025,93699.11
4/24/2025,93943.79
4/25/2025,94720.5
4/26/2025,94646.93
4/27/2025,93754.85
4/28/2025,94978.75
4/29/2025,94284.79
4/30/2025,94207.31
5/1/2025,96492.34
5/2/2025,96910.07
5/3/2025,95891.8
5/4/2025,94315.97
5/5/2025,94748.05
5/6/2025,96802.48
5/7/2025,97032.32
5/8/2025,103241.46
5/9/2025,102970.85
5/10/2025,104696.33
5/11/2025,104106.36
5/12/2025,102812.95
5/13/2025,104169.81
5/14/2025,103539.42
5/15/2025,103744.64
5/16/2025,103489.29
5/17/2025,103191.09
5/18/2025,106446.01
5/19/2025,105606.18
5/20/2025,106791.09
5/21/2025,109678.08
5/22/2025,111673.28
5/23/2025,107287.8
5/24/2025,107791.16
5/25/2025,109035.39
5/26/2025,109440.37
5/27/2025,108994.64
5/28/2025,107802.32
5/29/2025,105641.76
5/30/2025,103998.57
5/31/2025,104638.09
6/1/2025,105652.1
6/2/2025,105881.53
6/3/2025,105432.47
6/4/2025,104731.98
6/5/2025,101575.95
6/6/2025,104390.35
6/7/2025,105615.63
6/8/2025,105793.65
6/9/2025,110294.1
6/10/2025,110257.24
6/11/2025,108686.63
6/12/2025,105929.05
6/13/2025,106090.97
6/14/2025,105472.41
6/15/2025,105552.03
6/16/2025,106796.76
6/17/2025,104601.12
6/18/2025,104883.33
6/19/2025,104684.29
6/20/2025,103309.6
6/21/2025,102257.41
6/22/2025,100987.14
6/23/2025,105577.77
6/24/2025,106045.63
6/25/2025,107361.26
6/26/2025,106960
6/27/2025,107088.43
6/28/2025,107327.7
6/29/2025,108385.57
6/30/2025,107135.33
7/1/2025,105698.28
7/2/2025,108859.32
7/3/2025,109647.98
7/4/2025,108034.34
7/5/2025,108231.18
7/6/2025,109232.07
7/7/2025,108299.85
